Iteration	Posterior	Likelihood	Prior	rate_log_sd	root_freqs[1]	root_freqs[2]	tree_length
0	-298.3558	-382.9998	84.64402	2.320537	0.199804	0.800196	0.3936421
6	-302.4166	-387.3374	84.92079	2.059278	0.199804	0.800196	0.5776482
12	-291.6254	-376.6926	85.0672	1.904987	0.313257	0.686743	0.4091513
18	-291.6097	-376.9587	85.34899	1.617699	0.302417	0.697583	0.6185383
24	-291.9527	-377.3759	85.42327	1.20907	0.248175	0.751825	1.050579
30	-285.2556	-370.6618	85.40622	1.523173	0.194766	0.805234	0.6966365
36	-289.2918	-374.5744	85.28259	1.376323	0.402093	0.597907	1.024943
42	-294.1535	-379.2668	85.11337	1.464375	0.315113	0.684887	1.10158
48	-298.4333	-383.5224	85.08914	1.4886	0.372798	0.627202	1.10158
54	-300.9817	-385.9301	84.94838	1.376561	0.461966	0.538034	1.317464
60	-288.3389	-373.5126	85.17363	1.648984	0.315945	0.684055	0.8488108
66	-293.7053	-378.7603	85.05503	1.401059	0.375768	0.624232	1.208887
72	-288.5438	-373.5819	85.03814	1.947724	0.183279	0.816721	0.5524637
78	-287.3164	-372.5808	85.26438	1.690633	0.226651	0.773349	0.646423
84	-295.7715	-381.0127	85.24122	1.708488	0.383309	0.616691	0.6577941
90	-300.849	-385.9446	85.09555	1.813299	0.410573	0.589427	0.7309516
96	-294.2913	-379.1364	84.84511	1.627934	0.375846	0.624154	1.194364
102	-292.8836	-378.0169	85.13326	1.573406	0.306531	0.693469	0.9772309
108	-299.355	-383.8558	84.50079	1.763832	0.322019	0.677981	1.365542
114	-299.9239	-384.5052	84.58134	1.601237	0.32922	0.67078	1.429428
120	-295.5549	-380.4879	84.93298	1.249593	0.111098	0.888902	1.429428
126	-295.2933	-380.2887	84.99545	1.706408	0.598621	0.401379	0.9821402
132	-284.9833	-370.0746	85.09126	1.453351	0.319302	0.680698	1.131583
138	-283.7981	-368.6908	84.89278	2.028427	0.379221	0.620779	0.7107861
144	-291.2211	-376.2506	85.02954	1.898189	0.3642	0.6358	0.6995761
150	-291.3278	-375.6264	84.29858	1.58758	0.387381	0.612619	1.649123
156	-294.0895	-379.347	85.2575	1.246562	0.39178	0.60822	1.167463
162	-291.1154	-374.8854	83.77	1.49449	0.185473	0.814527	2.074758
168	-288.3069	-373.1643	84.85739	1.355881	0.296047	0.703953	1.405716
174	-292.5863	-377.5099	84.92358	1.56927	0.380172	0.619828	1.177239
180	-298.1099	-383.0908	84.98083	1.399663	0.380172	0.619828	1.272207
186	-300.1895	-385.323	85.13353	1.399663	0.37786	0.62214	1.14177
192	-299.5336	-384.3898	84.85618	1.681254	0.242231	0.757769	1.137995
198	-296.6069	-381.6104	85.0035	1.435256	0.242231	0.757769	1.223598
204	-303.6055	-388.3474	84.74198	1.946417	0.478404	0.521596	0.9957563
210	-299.0031	-382.9171	83.91402	1.067459	0.369266	0.630734	2.258742
216	-291.4729	-376.2156	84.74269	1.144392	0.344153	0.655847	1.648458
222	-294.4914	-379.9189	85.42754	1.27523	0.344153	0.655847	0.9812143
228	-293.1154	-378.3089	85.1935	1.451896	0.257531	0.742469	1.038055
234	-301.8843	-387.0072	85.12291	1.48447	0.294281	0.705719	1.074158
240	-299.6834	-384.6004	84.91703	1.789082	0.487719	0.512281	0.977794
246	-298.3025	-383.3899	85.08746	1.589745	0.135092	0.864908	1.006925
252	-295.6383	-380.6547	85.01636	1.958765	0.176805	0.823195	0.5944839
258	-289.8775	-375.2548	85.37733	1.460413	0.430865	0.569135	0.8301089
264	-291.1243	-376.2826	85.15829	1.436424	0.271775	0.728225	1.085953
270	-299.54	-384.7842	85.24413	1.350578	0.195842	0.804158	1.085953
276	-295.903	-380.9911	85.0881	1.598543	0.341278	0.658722	0.9975115
282	-291.7136	-376.7057	84.99215	1.648656	0.440404	0.559596	1.04247
288	-294.2895	-379.2509	84.96145	1.687981	0.259213	0.740787	1.034156
294	-289.2256	-374.5021	85.27646	1.527755	0.172096	0.827904	0.870797
300	-286.4587	-371.8094	85.35075	1.342695	0.353606	0.646394	0.9906739
306	-294.5198	-379.1836	84.66378	1.244513	0.301881	0.698119	1.633203
312	-290.1793	-375.4059	85.22656	1.333569	0.156589	0.843411	1.117612
318	-298.2322	-383.0422	84.81007	1.438442	0.481253	0.518747	1.378218
324	-296.7263	-381.8274	85.10109	1.469012	0.534524	0.465476	1.108559
330	-301.3338	-386.0752	84.74139	1.208377	0.27244	0.72756	1.603192
336	-298.0899	-382.8831	84.79318	1.408665	0.291802	0.708198	1.414567
342	-289.4682	-374.5063	85.03804	1.239447	0.445179	0.554821	1.355375
348	-293.79	-378.7263	84.93623	1.701135	0.280027	0.719973	1.045773
354	-298.9325	-383.9218	84.98934	1.970924	0.384961	0.615039	0.6344347
360	-292.6897	-377.268	84.57823	1.237104	0.315856	0.684144	1.699614
366	-294.5902	-379.5715	84.98135	1.251115	0.21325	0.78675	1.390777
372	-302.5065	-386.7516	84.24503	1.292668	0.273103	0.726897	1.892061
378	-299.5148	-384.3628	84.84805	1.284585	0.235293	0.764707	1.467562
384	-300.6354	-385.2438	84.60836	1.52428	0.3084	0.6916	1.467562
390	-295.8269	-381.063	85.23607	1.721458	0.154518	0.845482	0.640793
396	-302.8282	-387.3094	84.48121	1.701515	0.27379	0.72621	1.429317
402	-308.1937	-393.0728	84.87903	1.896216	0.13259	0.86741	0.9039821
408	-301.3119	-386.2272	84.91533	1.960891	0.338347	0.661653	0.7792741
414	-289.0632	-374.2039	85.14073	1.849921	0.384613	0.615387	0.5135301
420	-288.4023	-373.5478	85.1455	1.158476	0.254374	0.745626	1.334288
426	-294.0446	-379.2362	85.19155	1.373272	0.33085	0.66915	1.113356
432	-297.9406	-382.3884	84.44773	2.03201	0.226886	0.773114	1.188595
438	-299.1437	-384.4539	85.31019	1.423038	0.434656	0.565344	0.9496156
444	-297.7807	-382.815	85.03433	1.54361	0.434656	0.565344	1.101398
450	-297.0285	-381.6892	84.66074	1.770704	0.290798	0.709202	1.229774
456	-292.6116	-377.8626	85.25102	1.308443	0.329752	0.670248	1.118213
462	-296.3558	-381.3824	85.02661	1.297025	0.425575	0.574425	1.318515
468	-298.7539	-383.7071	84.95324	1.370392	0.350946	0.649054	1.318515
474	-299.0588	-383.8434	84.78458	1.977683	0.283911	0.716089	0.9183686
480	-293.63	-378.4186	84.78859	1.654997	0.274694	0.725306	1.219513
486	-298.7729	-383.2963	84.52337	1.08121	0.460792	0.539208	1.846414
492	-297.9606	-381.9919	84.03132	1.335782	0.370107	0.629893	2.006796
498	-300.9855	-386.235	85.2495	1.464992	0.150919	0.849081	0.969177
504	-304.4049	-389.1333	84.72837	1.2886	0.376937	0.623063	1.554012
510	-299.4522	-384.3869	84.93469	1.895866	0.59818	0.40182	0.8390679
516	-301.2774	-385.61	84.33262	2.652895	0.372271	0.627729	0.4494132
522	-301.3042	-386.1025	84.79829	1.180774	0.362154	0.637846	1.581843
528	-298.3288	-383.4861	85.15731	1.377082	0.361298	0.638702	1.140711
534	-299.028	-383.8103	84.78238	1.113916	0.311097	0.688903	1.641838
540	-290.9946	-376.1915	85.1969	1.594662	0.531469	0.468531	0.8854875
546	-286.5313	-371.6481	85.11681	1.18133	0.577631	0.422369	1.338957
552	-283.6079	-367.9438	84.33597	1.252736	0.244994	0.755006	1.857285
558	-288.4865	-373.5003	85.01381	1.688976	0.206164	0.793836	0.9811888
564	-301.532	-386.768	85.23603	1.682731	0.240851	0.759149	0.7148716
570	-297.4562	-382.6818	85.22557	1.414682	0.230677	0.769323	1.043004
576	-290.4597	-375.1333	84.67364	1.186321	0.354619	0.645381	1.667877
582	-294.2852	-379.3189	85.03368	1.847182	0.226797	0.773203	0.7727458
588	-295.6482	-381.0005	85.35235	1.490276	0.26581	0.73419	0.8239338
594	-297.2453	-382.5621	85.31678	1.28303	0.384976	0.615024	1.081218
600	-297.1718	-382.3262	85.15436	1.692096	0.527974	0.472026	0.8190403
606	-298.7032	-383.2837	84.5805	1.863771	0.505638	0.494362	1.21893
612	-297.5585	-381.865	84.30654	1.38132	0.308868	0.691132	1.788969
618	-295.6843	-380.2369	84.5526	1.135257	0.464255	0.535745	1.788969
624	-300.1758	-385.1158	84.93994	2.016449	0.501319	0.498681	0.6433659
630	-288.6848	-373.6533	84.96852	2.016449	0.447929	0.552071	0.5569888
636	-290.7196	-375.583	84.86336	1.915329	0.308464	0.691536	0.9001222
642	-291.1784	-376.1667	84.98832	1.660682	0.226135	0.773865	1.034575
648	-305.0039	-388.9702	83.96625	1.40382	0.448048	0.551952	2.004821
654	-302.1144	-387.1637	85.04932	1.768256	0.262293	0.737707	0.8549116
660	-295.0667	-379.8335	84.76685	1.468837	0.262293	0.737707	1.388262
666	-302.6787	-385.6321	82.95336	1.585207	0.257356	0.742644	2.538601
672	-296.6206	-381.5696	84.94906	1.262671	0.284657	0.715343	1.406913
678	-297.2181	-381.9115	84.69344	1.491088	0.182736	0.817264	1.427927
684	-299.6797	-384.5637	84.88402	1.300513	0.209826	0.790174	1.427927
690	-299.4534	-384.4596	85.00616	1.178364	0.159533	0.840467	1.427927
696	-293.2051	-377.8533	84.64822	1.632474	0.278643	0.721357	1.352834
702	-298.7183	-383.6288	84.91057	2.07636	0.505171	0.494829	0.5465607
708	-308.258	-392.5628	84.30478	2.596586	0.428098	0.571902	0.3170536
714	-303.4101	-388.1462	84.73608	1.655609	0.288618	0.711382	1.262968
720	-292.5911	-375.8415	83.25043	1.525992	0.291713	0.708287	2.389385
726	-296.877	-381.2832	84.40617	1.948032	0.545959	0.454041	1.293752
732	-295.6207	-380.4254	84.8047	1.549502	0.390449	0.609551	1.293752
738	-302.9148	-387.2923	84.37754	1.760393	0.156564	0.843436	1.463546
744	-300.7862	-385.8268	85.0406	1.754804	0.467554	0.532446	0.8810671
750	-297.0605	-382.1747	85.11418	1.269587	0.189114	0.810886	1.269509
756	-296.4564	-381.3038	84.84741	1.536361	0.285461	0.714539	1.269509
762	-303.0037	-387.5495	84.54574	1.162519	0.240365	0.759635	1.774788
768	-295.3435	-379.935	84.59157	1.380158	0.254127	0.745873	1.587204
774	-297.1635	-382.6963	85.53281	1.122192	0.143159	0.856841	1.02875
780	-299.8002	-384.3961	84.59592	0.922158	0.245928	0.754072	1.905382
786	-295.4888	-379.192	83.70327	1.072328	0.20218	0.79782	2.389911
792	-298.5866	-383.5935	85.00692	0.9963666	0.180682	0.819318	1.564084
798	-294.4067	-379.3825	84.97587	1.288098	0.308817	0.691183	1.366057
804	-289.1637	-374.4709	85.30715	1.494952	0.311088	0.688912	0.8732775
810	-293.8365	-378.9498	85.11324	1.8195	0.273332	0.726668	0.6906365
816	-291.9904	-376.7023	84.71198	2.220768	0.206002	0.793998	0.6906365
822	-296.5462	-381.282	84.73581	1.737222	0.206002	0.793998	1.194372
828	-292.1133	-377.0121	84.89877	1.778737	0.200589	0.799411	1.006627
834	-295.2736	-380.3474	85.07375	1.910419	0.231914	0.768086	0.4437632
840	-289.0509	-373.8879	84.83706	2.037712	0.26608	0.73392	0.7812804
846	-290.6628	-375.6609	84.99814	1.945769	0.222081	0.777919	0.3618186
852	-285.4762	-370.3672	84.89104	1.621981	0.17712	0.82288	1.159608
858	-289.4802	-373.0476	83.56744	1.617557	0.38235	0.61765	2.126916
864	-293.8736	-377.8179	83.94438	1.240618	0.332442	0.667558	2.126916
870	-298.3056	-381.9197	83.6141	1.259156	0.211116	0.788884	2.327946
876	-295.0746	-380.2632	85.18866	1.282253	0.466673	0.533327	1.196195
882	-300.8057	-385.2555	84.44976	1.436669	0.284773	0.715227	1.648924
888	-307.1862	-392.2088	85.0226	1.665037	0.167626	0.832374	0.996519
894	-304.9789	-388.937	83.95803	0.7184091	0.25414	0.74586	2.452393
900	-304.0245	-388.1118	84.08727	0.9159347	0.356655	0.643345	2.244779
906	-304.0692	-389.1502	85.08102	0.881673	0.153028	0.846972	1.593791
912	-298.2977	-382.2179	83.92014	1.099216	0.313395	0.686605	2.234383
918	-303.8172	-388.0515	84.23431	0.6713756	0.276046	0.723954	2.307269
924	-297.5546	-382.4494	84.8948	1.500675	0.129822	0.870178	1.259833
930	-295.6669	-380.4314	84.7645	1.898051	0.578835	0.421165	1.021382
936	-297.9099	-383.0834	85.17354	1.724558	0.390218	0.609782	0.7475551
942	-300.7642	-385.5125	84.74826	1.528124	0.220111	0.779889	1.356246
948	-302.3744	-387.1275	84.75304	1.875625	0.294409	0.705591	1.054077
954	-300.2316	-385.6606	85.42901	1.39092	0.298352	0.701648	0.8520735
960	-302.954	-387.5474	84.59342	0.9321765	0.527074	0.472926	1.900279
966	-298.6636	-383.9175	85.25389	1.189864	0.332189	0.667811	1.219369
972	-298.2513	-382.6413	84.39005	1.030092	0.3064	0.6936	1.971374
978	-298.4652	-383.3021	84.83687	1.133857	0.364686	0.635314	1.58793
984	-288.0691	-372.637	84.56793	1.402802	0.178608	0.821392	1.58793
990	-288.1528	-372.9517	84.7989	1.444677	0.347568	0.652432	1.38209
996	-292.3537	-375.156	82.80232	1.330081	0.301377	0.698623	2.788662
1002	-287.8483	-371.8394	83.99104	0.8737227	0.1901	0.8099	2.333351
1008	-290.1483	-374.1828	84.03444	1.029325	0.444771	0.555229	2.205726
1014	-292.8016	-377.0845	84.28286	1.257686	0.375217	0.624783	1.890132
1020	-299.3894	-384.2973	84.90791	1.546233	0.304743	0.695257	1.210543
1026	-305.8441	-390.5447	84.70063	1.932462	0.475491	0.524509	1.049859
1032	-300.1168	-385.443	85.32612	1.27077	0.366753	0.633247	1.083929
1038	-297.5834	-382.6834	85.1	1.290979	0.361097	0.638903	1.263553
1044	-297.5518	-382.4654	84.91357	1.470058	0.399541	0.600459	1.269628
1050	-291.5175	-376.5256	85.00811	1.37552	0.399541	0.600459	1.269628
1056	-295.2429	-380.5904	85.34749	1.211238	0.479852	0.520148	1.118878
1062	-296.3664	-380.7111	84.3447	1.523801	0.405857	0.594143	1.661774
1068	-299.7023	-384.1682	84.46588	0.9719349	0.114827	0.885173	1.959519
1074	-302.2384	-385.8395	83.60119	1.107003	0.261083	0.738917	2.43243
1080	-302.0715	-385.2262	83.15466	1.095304	0.364645	0.635355	2.716833
1086	-295.9476	-380.0909	84.14331	1.447771	0.26994	0.73006	1.855658
1092	-297.7455	-382.6979	84.95241	1.364186	0.378723	0.621277	1.324175
1098	-295.7189	-380.379	84.66001	1.564098	0.378723	0.621277	1.397295
1104	-295.647	-380.9114	85.26438	1.519977	0.360035	0.639965	0.8937226
1110	-292.0594	-377.5281	85.46871	1.31564	0.141139	0.858861	0.8937226
1116	-293.6513	-378.8755	85.22412	1.649141	0.303503	0.696497	0.7833767
1122	-294.6916	-379.9285	85.23684	1.746127	0.190207	0.809793	0.4392336
1128	-294.0856	-378.9897	84.9041	2.086677	0.395694	0.604306	0.5107999
1134	-290.1924	-375.2782	85.08579	1.904986	0.359218	0.640782	0.5107999
1140	-290.3301	-375.4668	85.13669	1.850964	0.191327	0.808673	0.4601294
1146	-287.2951	-372.2402	84.94513	2.042519	0.475875	0.524125	0.4601294
1152	-289.1271	-374.1367	85.00964	1.977843	0.306308	0.693692	0.5431877
1158	-288.0768	-372.942	84.86522	2.100342	0.308935	0.691065	0.621446
1164	-296.5995	-381.5934	84.99391	1.826629	0.320542	0.679458	0.8513328
1170	-290.827	-375.4066	84.5796	1.761003	0.398039	0.601961	1.304807
1176	-287.4735	-372.5378	85.06432	1.761003	0.382294	0.617706	0.8455078
1182	-291.9567	-377.0818	85.12512	1.606329	0.382294	0.617706	0.9514908
1188	-291.5676	-376.4415	84.87393	1.46713	0.119078	0.880922	1.304433
1194	-293.1461	-378.0807	84.93463	1.191871	0.18858	0.81142	1.47221
1200	-289.5916	-374.3374	84.7458	1.673428	0.213246	0.786754	1.240036
1206	-291.1012	-376.1184	85.01712	1.673428	0.519595	0.480405	0.9935937
1212	-291.2676	-376.4929	85.22534	1.679712	0.42778	0.57222	0.7368999
1218	-286.3403	-371.4795	85.13922	1.154062	0.308845	0.691155	1.342827
1224	-298.1854	-382.9079	84.72242	1.737978	0.232845	0.767155	1.205208
1230	-291.5748	-376.3093	84.73457	1.735722	0.198076	0.801924	1.196733
1236	-293.7313	-378.4729	84.74162	1.212857	0.211663	0.788337	1.599769
1242	-292.3405	-376.9649	84.62444	1.488492	0.296813	0.703187	1.482464
1248	-293.6439	-378.3762	84.7323	2.186048	0.325505	0.674495	0.7155654
1254	-295.5819	-380.3419	84.75992	2.167045	0.448406	0.551594	0.3417363
1260	-294.239	-379.3719	85.13287	1.85658	0.470019	0.529981	0.4725695
1266	-298.1468	-383.454	85.30719	1.560524	0.32718	0.67282	0.7909771
1272	-298.0156	-383.0452	85.02961	1.749338	0.139989	0.860011	0.8998315
1278	-291.8121	-376.7913	84.97925	1.626652	0.153239	0.846761	1.075543
1284	-291.4165	-375.3043	83.88779	1.481905	0.289281	0.710719	2.005071
1290	-294.426	-379.6314	85.20531	1.248119	0.625291	0.374709	1.211147
1296	-300.4997	-384.4552	83.95552	0.8823393	0.553031	0.446969	2.350455
1302	-303.1205	-387.5126	84.39215	1.11499	0.339972	0.660028	1.91279
1308	-293.2782	-377.7397	84.46149	1.045646	0.351316	0.648684	1.91279
1314	-304.2141	-389.1502	84.93616	1.508495	0.262212	0.737788	1.218602
1320	-292.4917	-377.8552	85.36349	1.351882	0.467097	0.532903	0.9682721
1326	-291.5303	-376.6992	85.16887	1.739785	0.387826	0.612174	0.7312627
1332	-293.6423	-378.7687	85.12638	1.632531	0.349885	0.650115	0.9220408
1338	-299.8976	-384.7649	84.86727	1.934247	0.172176	0.827824	0.8739554
1344	-291.9561	-377.1352	85.1791	1.779756	0.470072	0.529928	0.6377431
1350	-290.0406	-375.1515	85.11097	1.549018	0.129349	0.870651	1.023893
1356	-300.8519	-385.9026	85.0507	1.643642	0.247977	0.752023	0.9897609
1362	-296.1449	-381.4121	85.26724	1.656596	0.647498	0.352502	0.7063165
1368	-294.6297	-379.7218	85.09215	1.656238	0.432925	0.567075	0.9334488
1374	-296.7059	-381.5243	84.81844	1.680472	0.425006	0.574994	1.171966
1380	-294.3099	-379.2781	84.96819	1.675126	0.453844	0.546156	1.040062
1386	-303.4692	-388.2646	84.7953	2.118229	0.453844	0.546156	0.3281105
1392	-290.4488	-375.2413	84.79255	2.131263	0.438769	0.561231	0.3383802
1398	-291.1525	-376.292	85.13943	1.841833	0.282951	0.717049	0.4334062
1404	-289.0159	-374.1203	85.10442	1.886021	0.432172	0.567828	0.5171461
1410	-294.817	-380.0102	85.19313	1.797311	0.491675	0.508325	0.5171461
1416	-296.6803	-381.894	85.21369	1.42199	0.373664	0.626336	1.047394
1422	-300.1993	-384.9178	84.71854	1.592941	0.373545	0.626455	1.328284
1428	-294.2867	-379.4385	85.15177	1.79596	0.373545	0.626455	0.6618676
1434	-299.3531	-384.4461	85.093	1.897512	0.126101	0.873899	0.484317
1440	-294.5631	-379.8208	85.25775	1.622604	0.210114	0.789886	0.7734646
1446	-296.0322	-380.6527	84.62048	1.862295	0.409863	0.590137	1.185975
1452	-291.4543	-376.4379	84.9836	1.368946	0.247552	0.752448	1.2951
1458	-291.9593	-375.6398	83.6805	1.107922	0.143061	0.856939	2.381798
1464	-285.6219	-370.0531	84.43117	1.459179	0.185126	0.814874	1.646117
1470	-292.7045	-377.4307	84.72622	2.238164	0.253555	0.746445	0.6244149
1476	-291.7196	-377.066	85.34644	1.638865	0.404708	0.595292	0.5553411
1482	-294.2801	-379.7426	85.46247	1.256887	0.288135	0.711865	0.9641431
1488	-297.2092	-382.1622	84.95296	1.18766	0.405015	0.594985	1.461499
1494	-302.4145	-387.6784	85.26391	1.367741	0.531161	0.468839	1.05124
1500	-297.0144	-382.4484	85.43401	1.482214	0.12614	0.87386	0.7190688
1506	-290.4778	-375.6299	85.15206	1.835434	0.339071	0.660929	0.5431119
1512	-299.0723	-384.1266	85.05432	1.903678	0.580091	0.419909	0.6397113
1518	-297.4185	-382.3561	84.9376	1.20212	0.580091	0.419909	1.462189
1524	-303.3092	-388.0153	84.70606	1.848816	0.204008	0.795992	1.122356
1530	-291.238	-376.2666	85.02856	1.506409	0.42353	0.57647	1.140193
1536	-296.6802	-382.0512	85.371	1.506409	0.203581	0.796419	0.7776032
1542	-297.4583	-382.777	85.31867	1.1027	0.136154	0.863846	1.238244
1548	-297.1858	-381.5302	84.34446	1.15672	0.245946	0.754054	1.916822
1554	-296.4969	-381.5122	85.01532	1.121523	0.211759	0.788241	1.464374
1560	-302.395	-387.6142	85.21916	1.715435	0.302477	0.697523	0.687259
1566	-297.8208	-382.949	85.12821	1.84247	0.519174	0.480826	0.6077022
1572	-310.6609	-395.4118	84.75091	1.506988	0.302137	0.697863	1.370845
1578	-307.3216	-392.3495	85.02782	1.403652	0.302137	0.697863	1.229747
1584	-301.3356	-386.5113	85.17572	1.369435	0.266622	0.733378	1.131098
1590	-306.6716	-391.6287	84.95705	1.034863	0.21258	0.78742	1.572434
1596	-297.072	-381.0146	83.94262	1.034863	0.195676	0.804324	2.26131
1602	-301.2806	-385.5631	84.28245	0.7992964	0.293518	0.706482	2.194092
1608	-301.072	-385.6363	84.56435	0.7986618	0.370331	0.629669	2.009519
1614	-299.143	-383.4711	84.32802	1.55784	0.341753	0.658247	1.649338
1620	-292.8542	-377.7562	84.90207	1.474554	0.262019	0.737981	1.275397
1626	-299.6095	-383.8909	84.28148	0.9781468	0.329909	0.670091	2.07796
1632	-293.6836	-379.025	85.34138	1.401206	0.261323	0.738677	0.9396789
1638	-295.6674	-380.5265	84.85905	2.006879	0.486801	0.513199	0.7934061
1644	-290.9983	-376.3534	85.35516	1.470873	0.346828	0.653172	0.8446403
1650	-293.1678	-378.325	85.15719	1.472187	0.116291	0.883709	1.053407
1656	-299.2739	-383.1152	83.84133	1.781026	0.0963573	0.903643	1.834207
1662	-296.1423	-381.0142	84.87193	1.889058	0.241325	0.758675	0.9197653
1668	-297.9527	-382.7036	84.75086	1.207839	0.234536	0.765464	1.596696
1674	-296.174	-380.8149	84.64092	1.317787	0.234536	0.765464	1.596696
1680	-303.4336	-387.9622	84.52861	1.337277	0.287316	0.712684	1.663637
1686	-296.945	-382.2488	85.30384	1.388085	0.382457	0.617543	0.9921987
1692	-306.1174	-390.6503	84.5329	1.362521	0.290013	0.709987	1.642468
1698	-305.0947	-390.1052	85.01051	1.85683	0.290013	0.709987	0.7914887
1704	-305.0253	-389.7426	84.71727	2.241393	0.540682	0.459318	0.6381782
1710	-298.6668	-383.7356	85.06884	1.848562	0.244229	0.755771	0.7171252
1716	-295.88	-381.2458	85.36576	1.584172	0.171358	0.828642	0.6573295
1722	-299.9624	-384.8388	84.87648	1.571305	0.501438	0.498562	1.215951
1728	-289.2844	-374.5229	85.23857	1.600016	0.370761	0.629239	0.8290472
1734	-297.5362	-382.8076	85.2714	1.453681	0.343851	0.656149	0.9581782
1740	-288.9406	-374.1255	85.1849	1.646389	0.412532	0.587468	0.8381579
1746	-293.9518	-379.3635	85.41162	1.43878	0.279431	0.720569	0.8139484
1752	-289.8766	-375.0931	85.21651	1.295693	0.392716	0.607284	1.160328
1758	-293.5074	-378.0864	84.579	1.933204	0.354027	0.645973	1.160328
1764	-299.0654	-383.795	84.72959	1.782611	0.407322	0.592678	1.160328
1770	-288.9755	-373.7071	84.73158	1.740393	0.224982	0.775018	1.195282
1776	-288.8665	-374.0008	85.13424	1.629718	0.224982	0.775018	0.9165077
1782	-295.869	-381.0947	85.22573	1.629718	0.454124	0.545876	0.8073607
1788	-289.9888	-374.9555	84.96668	1.88877	0.454124	0.545876	0.8073607
1794	-290.8881	-375.2222	84.33411	0.980141	0.435571	0.564429	2.041892
1800	-297.0301	-381.2291	84.19904	1.115213	0.44072	0.55928	2.041892
1806	-289.0596	-374.2624	85.20282	1.301431	0.320075	0.679925	1.167301
1812	-294.3396	-379.4013	85.06172	1.479749	0.338723	0.661277	1.134394
1818	-298.2936	-383.3606	85.06699	1.455635	0.338723	0.661277	1.151149
1824	-299.221	-384.4987	85.27774	1.629793	0.205354	0.794646	0.7330288
1830	-293.2153	-378.6594	85.44409	1.497773	0.340959	0.659041	0.67356
1836	-294.5811	-379.5554	84.97427	2.01478	0.340959	0.659041	0.5320024
1842	-289.8519	-374.9067	85.05486	1.910992	0.538928	0.461072	0.6207029
1848	-290.491	-375.374	84.88299	1.260096	0.504882	0.495118	1.459628
1854	-287.7883	-372.7868	84.99852	1.570995	0.427906	0.572094	1.109097
1860	-284.2482	-369.6702	85.422	1.193516	0.308304	0.691696	1.06652
1866	-294.1395	-378.9803	84.84082	1.690193	0.39812	0.60188	1.143708
1872	-298.8946	-383.7974	84.90276	1.491745	0.228431	0.771569	1.26063
1878	-297.6245	-382.9816	85.35712	1.44117	0.375947	0.624053	0.8777209
1884	-293.1979	-378.4237	85.22576	1.697865	0.217876	0.782124	0.706676
1890	-293.0656	-377.7732	84.70765	2.220414	0.521378	0.478622	0.6989906
1896	-289.7757	-374.861	85.08532	1.887608	0.521378	0.478622	0.6011946
1902	-287.9203	-372.5264	84.60602	1.481989	0.453303	0.546697	1.501211
1908	-287.9838	-372.9845	85.00076	1.087254	0.433084	0.566916	1.501211
1914	-294.1168	-379.1161	84.99936	1.53985	0.10471	0.89529	1.13641
1920	-292.9575	-377.8591	84.90163	1.536248	0.227033	0.772967	1.224345
1926	-291.5457	-376.619	85.07323	1.658888	0.0858763	0.914124	0.9507888
1932	-288.9156	-374.0161	85.10059	1.593509	0.163205	0.836795	0.9900118
1938	-288.778	-373.9523	85.17424	1.812979	0.253942	0.746058	0.544818
1944	-291.3416	-376.5196	85.17793	1.812979	0.423308	0.576692	0.4929435
1950	-300.3392	-385.6893	85.35012	1.479474	0.233794	0.766206	0.8402659
1956	-310.4952	-395.5617	85.06652	1.714843	0.346989	0.653011	0.8971043
1962	-306.6835	-391.7743	85.09079	1.617997	0.288081	0.711919	0.9750579
1968	-302.5869	-387.5401	84.95327	1.755516	0.367287	0.632713	0.9750579
1974	-293.6419	-378.7123	85.07043	1.638792	0.169269	0.830731	0.9746091
1980	-289.7324	-374.7873	85.05489	1.5338	0.145331	0.854669	1.091516
1986	-296.5747	-381.0915	84.51684	1.047605	0.41076	0.58924	1.873858
1992	-293.519	-378.7083	85.18932	1.328674	0.212555	0.787445	1.155234
1998	-299.7263	-384.424	84.69769	1.307767	0.282312	0.717688	1.56249
2004	-298.7863	-383.8857	85.09938	0.9060827	0.282312	0.717688	1.56249
2010	-297.8347	-382.1334	84.29869	0.891491	0.320562	0.679438	2.123527
2016	-312.579	-396.3967	83.81769	1.742699	0.212987	0.787013	1.876619
2022	-289.9584	-375.1932	85.23478	1.743866	0.212987	0.787013	0.5828112
2028	-287.4885	-372.6397	85.15119	1.743866	0.425201	0.574799	0.7521168
2034	-288.3425	-373.4154	85.07291	1.721705	0.268702	0.731298	0.8819791
2040	-292.3048	-377.1956	84.8908	1.530474	0.36784	0.63216	1.23832
2046	-288.7413	-374.0365	85.29526	1.21021	0.571246	0.428754	1.166235
2052	-291.827	-376.7975	84.97055	1.534924	0.280309	0.719691	1.166235
2058	-282.8841	-367.9221	85.03806	1.651703	0.361405	0.638595	0.9943811
2064	-282.2472	-367.3614	85.11412	1.575357	0.17416	0.82584	0.9946702
2070	-289.34	-373.6518	84.31188	1.329953	0.17416	0.82584	1.8208
2076	-290.0112	-375.2996	85.28833	1.22035	0.484774	0.515226	1.16342
2082	-290.7559	-375.8877	85.13182	1.507562	0.260632	0.739368	1.043843
2088	-294.7102	-379.7055	84.99531	1.52787	0.447682	0.552318	1.150653
2094	-291.4422	-376.7215	85.27926	1.313849	0.136104	0.863896	1.08744
2100	-297.693	-382.3925	84.69947	0.8648983	0.476337	0.523663	1.873911
2106	-299.1498	-384.1102	84.96039	1.569489	0.102989	0.897011	1.14472
2112	-295.4013	-380.6026	85.20128	1.107229	0.142892	0.857108	1.330664
2118	-292.4604	-377.5634	85.10292	1.843077	0.277402	0.722598	0.6653985
2124	-294.9005	-379.2115	84.311	1.03894	0.223203	0.776797	2.018216
2130	-300.047	-384.7596	84.71258	2.122933	0.430253	0.569747	0.8329096
2136	-294.6763	-379.7584	85.08211	1.693817	0.407328	0.592672	0.9032177
2142	-294.1327	-379.1785	85.04583	1.650802	0.61981	0.38019	0.9874473
2148	-290.4908	-375.2489	84.75803	1.47392	0.251025	0.748975	1.391178
2154	-297.1036	-382.1773	85.07375	1.914213	0.294552	0.705448	0.4619699
2160	-293.8815	-378.8364	84.95496	2.035791	0.244267	0.755733	0.4887213
2166	-303.9067	-388.9976	85.0909	1.871008	0.40146	0.59854	0.630514
2172	-303.6071	-388.5688	84.96172	1.7863	0.20891	0.79109	0.9338486
2178	-297.6696	-382.5318	84.86213	1.741409	0.225508	0.774492	1.077745
2184	-301.855	-386.5127	84.65767	1.804445	0.139963	0.860037	1.203737
2190	-293.8583	-378.9521	85.0938	1.483245	0.480151	0.519849	1.102224
2196	-292.754	-377.9663	85.2123	1.49785	0.230221	0.769779	0.9736563
2202	-291.2248	-376.8036	85.57878	1.093672	0.171211	0.828789	1.011637
2208	-297.1631	-381.082	83.91895	0.9808856	0.234676	0.765324	2.311001
2214	-310.2165	-395.1722	84.95565	1.969306	0.57193	0.42807	0.7043912
2220	-305.2286	-390.2111	84.98256	1.893512	0.284821	0.715179	0.7794709
2226	-291.0466	-376.1865	85.13989	1.848675	0.348694	0.651306	0.4658695
2232	-298.4504	-383.4579	85.00749	1.883521	0.137622	0.862378	0.3084082
2238	-298.503	-383.1317	84.62873	2.325307	0.413325	0.586675	0.3760747
2244	-293.4333	-377.981	84.54779	2.406835	0.427015	0.572985	0.3769666
2250	-297.4698	-382.5193	85.04948	1.939107	0.104753	0.895247	0.4660068
2256	-296.7834	-381.6121	84.82869	2.145817	0.272935	0.727065	0.5964142
2262	-290.1951	-375.1934	84.99832	1.864003	0.220617	0.779383	0.7982489
2268	-299.4475	-384.9532	85.5057	1.126564	0.198931	0.801069	1.050654
2274	-297.0255	-382.0415	85.01607	1.559631	0.300066	0.699934	1.103452
2280	-298.6289	-382.2251	83.59618	1.215098	0.236558	0.763442	2.367321
2286	-293.0757	-376.9734	83.89775	0.9135299	0.135786	0.864214	2.367321
2292	-295.8878	-379.731	83.84319	1.227302	0.542046	0.457954	2.201374
2298	-290.108	-375.0782	84.97021	1.902985	0.194524	0.805476	0.7834683
2304	-286.7306	-371.9416	85.21099	1.763501	0.237702	0.762298	0.4145262
2310	-287.4371	-372.5638	85.12672	1.7258	0.517135	0.482865	0.8111923
2316	-288.9647	-374.3818	85.41712	1.282562	0.21924	0.78076	0.9843543
2322	-295.4885	-380.3454	84.85682	1.476778	0.399519	0.600481	1.310476
2328	-292.5128	-377.0105	84.49762	1.25386	0.223187	0.776813	1.7446
2334	-294.4001	-379.384	84.98397	1.20609	0.357436	0.642564	1.42367
2340	-302.2646	-387.5923	85.32774	0.9308694	0.284893	0.715107	1.370285
2346	-299.9658	-384.1304	84.16455	1.403376	0.285815	0.714185	1.871484
2352	-292.4737	-377.5872	85.1135	1.683543	0.257409	0.742591	0.8791732
2358	-285.8018	-371.0951	85.29335	1.502284	0.570468	0.429532	0.8807958
2364	-285.3253	-370.5835	85.2582	1.729911	0.498327	0.501673	0.462872
2370	-282.5282	-367.5044	84.97628	1.999524	0.500061	0.499939	0.592345
2376	-285.1676	-370.3235	85.1559	1.8199	0.277301	0.722699	0.592345
2382	-281.0746	-365.8458	84.77123	1.024577	0.345246	0.654754	1.713421
2388	-283.8378	-369.0171	85.17936	1.342928	0.379192	0.620808	1.151443
2394	-293.1633	-378.1431	84.97986	1.333569	0.323664	0.676336	1.326721
2400	-287.0372	-371.9631	84.92587	1.333569	0.271719	0.728281	1.369631
2406	-305.1834	-388.6904	83.50694	2.042323	0.17555	0.82445	1.884196
2412	-305.1351	-390.2024	85.06726	1.713439	0.0553646	0.944635	0.8978578
2418	-294.0284	-378.9468	84.91839	2.067758	0.228324	0.771676	0.5509494
2424	-289.8928	-374.6249	84.73217	2.222803	0.424874	0.575126	0.6465054
2430	-292.0539	-376.265	84.21104	1.543022	0.368	0.632	1.74279
2436	-294.0923	-378.7834	84.69118	1.172146	0.368	0.632	1.665472
2442	-292.4412	-377.618	85.17678	1.276623	0.368	0.632	1.211172
2448	-299.6318	-383.7	84.06815	1.262385	0.343751	0.656249	2.031099
2454	-298.1141	-383.5389	85.42488	1.425606	0.348888	0.651112	0.8138414
2460	-298.5383	-382.0671	83.52885	1.425606	0.41694	0.58306	2.276077
2466	-294.1587	-379.3498	85.19117	1.779848	0.404387	0.595613	0.6067668
2472	-295.3903	-380.7918	85.40147	1.317205	0.281358	0.718642	0.9648486
2478	-290.4447	-375.7958	85.35111	1.343904	0.204278	0.795722	0.9890852
2484	-287.8438	-372.8934	85.04961	1.361753	0.311152	0.688848	1.246616
2490	-290.3593	-374.4733	84.11397	1.346689	0.311152	0.688848	1.944165
2496	-293.1921	-376.8733	83.68123	1.465382	0.292426	0.707574	2.151966
2502	-289.149	-374.1778	85.02878	1.50399	0.343815	0.656185	1.142147
2508	-291.705	-376.689	84.98401	1.350553	0.166376	0.833624	1.309696
2514	-292.7119	-376.8156	84.10366	1.405754	0.238019	0.761981	1.91125
2520	-297.507	-382.0225	84.51554	0.9938718	0.154473	0.845527	1.91125
2526	-295.7655	-380.4522	84.68665	1.15405	0.41	0.59	1.681602
2532	-288.0174	-372.7592	84.7418	1.935932	0.41	0.59	1.006406
2538	-293.9159	-378.8446	84.92874	1.983519	0.262685	0.737315	0.725507
2544	-291.1312	-376.3438	85.2126	1.656423	0.262685	0.737315	0.7891932
2550	-292.2964	-377.2099	84.91349	1.204207	0.362257	0.637743	1.478872
2556	-293.1754	-378.0651	84.88974	1.340193	0.372135	0.627865	1.392755
2562	-291.7973	-376.6336	84.83621	2.042067	0.372135	0.627865	0.7763882
2568	-283.5156	-368.8051	85.28952	1.457132	0.411826	0.588174	0.9353176
2574	-291.9655	-377.1728	85.20731	1.277489	0.360845	0.639155	1.184226
2580	-300.6231	-385.5912	84.96806	1.516735	0.351553	0.648447	1.184226
2586	-306.6962	-391.125	84.42885	1.303616	0.246869	0.753131	1.757911
2592	-299.8395	-384.1615	84.32207	1.389144	0.10543	0.89457	1.772735
2598	-298.537	-383.2857	84.74869	1.768561	0.316289	0.683711	1.155889
2604	-301.6549	-386.7568	85.10192	1.713878	0.411751	0.588249	0.8570477
2610	-299.8943	-384.519	84.62478	1.564923	0.210777	0.789223	1.423944
2616	-299.8091	-384.6677	84.85859	1.156821	0.405927	0.594073	1.555164
2622	-289.1846	-374.3055	85.12089	1.8307	0.409323	0.590677	0.653836
2628	-293.9187	-379.1782	85.25951	1.687106	0.194066	0.805934	0.6641501
2634	-288.9013	-374.008	85.10673	1.74143	0.337378	0.662622	0.8168461
2640	-290.7117	-375.6988	84.98708	1.861086	0.204995	0.795005	0.8168461
2646	-291.6982	-376.6968	84.99861	1.991836	0.315734	0.684266	0.4833397
2652	-289.8502	-374.8476	84.99745	1.909685	0.272632	0.727368	0.7336493
2658	-292.414	-377.1787	84.76469	2.204618	0.272887	0.727113	0.4029376
2664	-289.8502	-374.6628	84.81256	1.959773	0.487079	0.512921	0.9072371
2670	-287.907	-372.8671	84.96001	1.812323	0.324884	0.675116	0.9072371
2676	-290.9671	-375.3989	84.43174	1.301938	0.2483	0.7517	1.75706
2682	-289.3608	-373.892	84.53121	1.51961	0.370941	0.629059	1.528962
2688	-287.586	-372.1122	84.52615	2.346821	0.234734	0.765266	0.7837852
2694	-288.1415	-373.0758	84.93431	1.93866	0.241791	0.758209	0.7837852
2700	-289.7916	-374.8943	85.10275	1.714851	0.244266	0.755734	0.85488
2706	-295.5558	-380.7877	85.23189	1.698711	0.205158	0.794842	0.6944856
2712	-293.4376	-378.5841	85.14648	1.698711	0.492173	0.507827	0.8206595
2718	-300.942	-385.7345	84.79252	1.701797	0.525116	0.474884	1.175963
2724	-298.5701	-383.6101	85.03994	1.764662	0.327582	0.672418	0.8703477
2730	-293.7556	-378.2317	84.47608	1.25205	0.347823	0.652177	1.760934
2736	-292.5723	-377.4721	84.8998	1.040887	0.171756	0.828244	1.609786
2742	-285.1867	-369.8595	84.67278	1.071695	0.160555	0.839445	1.749512
2748	-293.7784	-378.5256	84.74716	2.237907	0.27587	0.72413	0.4474479
2754	-295.652	-380.2075	84.55543	2.343702	0.27587	0.72413	0.3151326
2760	-289.9911	-375.0628	85.07166	1.874128	0.338209	0.661791	0.6658162
2766	-289.5465	-374.6971	85.1506	1.811666	0.348086	0.651914	0.629643
2772	-297.0253	-381.0474	84.02203	1.142717	0.254922	0.745078	2.140142
2778	-298.2542	-383.18	84.92581	1.449798	0.212598	0.787402	1.276229
2784	-307.0278	-391.6438	84.61595	1.651058	0.453137	0.546863	1.363662
2790	-298.6699	-383.9717	85.30175	1.497013	0.266282	0.733718	0.8771692
2796	-295.0489	-379.8689	84.82004	1.432163	0.266282	0.733718	1.375322
2802	-297.8616	-383.0396	85.17801	1.484376	0.554777	0.445223	1.021539
2808	-287.6203	-372.7142	85.09383	1.242101	0.390749	0.609251	1.308586
2814	-286.075	-371.0915	85.01648	1.555922	0.384467	0.615533	1.106467
2820	-293.2299	-378.5591	85.32922	1.606819	0.278401	0.721599	0.6846048
2826	-297.898	-382.7017	84.80366	1.870087	0.21014	0.78986	1.010356
2832	-291.0407	-376.1331	85.09235	1.339767	0.315	0.685	1.229203
2838	-289.8208	-375.119	85.29823	1.53735	0.463203	0.536797	0.8328257
2844	-287.2941	-372.6127	85.31859	1.476673	0.33673	0.66327	0.8812231
2850	-286.9995	-372.1019	85.10241	1.780389	0.444563	0.555437	0.7699961
2856	-280.3634	-365.3524	84.98904	1.913018	0.444563	0.555437	0.7415294
2862	-282.1774	-367.2651	85.08766	1.857933	0.400437	0.599563	0.6662061
2868	-284.9708	-370.3218	85.35102	1.605001	0.384646	0.615354	0.6441907
2874	-284.6212	-369.529	84.90789	1.777214	0.382148	0.617852	0.9990529
2880	-281.4852	-366.2936	84.80841	1.526277	0.233664	0.766336	1.309591
2886	-291.1282	-375.692	84.56377	1.6605	0.462123	0.537877	1.397172
2892	-293.3125	-378.1973	84.88477	1.339499	0.547077	0.452923	1.397172
2898	-293.1304	-377.8857	84.75531	1.986628	0.483687	0.516313	0.940372
2904	-292.3997	-377.2968	84.89714	1.598963	0.423172	0.576828	1.174413
2910	-290.994	-376.2931	85.29919	1.612681	0.487493	0.512507	0.7261373
2916	-293.0066	-377.5738	84.56717	1.345366	0.391253	0.608747	1.630146
2922	-287.0456	-371.858	84.8124	1.16488	0.291389	0.708611	1.583147
2928	-291.2118	-375.1928	83.98093	1.362625	0.324767	0.675233	2.022459
2934	-286.2266	-370.878	84.6514	1.273514	0.333459	0.666541	1.621208
2940	-297.2303	-381.8457	84.61532	1.719265	0.647782	0.352218	1.309679
2946	-294.2869	-379.0462	84.7593	1.115486	0.532533	0.467467	1.65727
2952	-286.0367	-371.1856	85.14889	1.232486	0.309776	0.690224	1.271486
2958	-289.2277	-374.6778	85.45003	1.33578	0.309776	0.690224	0.8920648
2964	-298.4988	-383.4954	84.99654	1.651728	0.652009	0.347991	1.035278
2970	-290.5824	-375.5895	85.00712	1.641157	0.243457	0.756543	1.035278
2976	-294.6157	-379.1483	84.53263	1.416066	0.35838	0.64162	1.603974
2982	-296.4114	-381.4512	85.03983	1.529381	0.357476	0.642524	1.109373
2988	-304.5336	-389.7487	85.21513	1.354081	0.341222	0.658778	1.109373
2994	-299.2132	-384.3033	85.09008	1.548997	0.301561	0.698439	1.044132
3000	-298.6322	-383.8003	85.16803	1.789733	0.285727	0.714273	0.6402521
3006	-301.6885	-386.7952	85.10669	1.884177	0.306972	0.693028	0.4915587
3012	-306.3265	-390.8483	84.52179	2.469081	0.477671	0.522329	0.4915587
3018	-301.9937	-386.3938	84.40014	2.469081	0.479347	0.520653	0.2920454
3024	-301.8641	-386.6772	84.81306	2.073517	0.454502	0.545498	0.7645665
3030	-297.5513	-382.9273	85.37601	1.482178	0.381675	0.618325	0.8037577
3036	-290.9336	-375.9644	85.03078	0.8767214	0.359571	0.640429	1.633779
3042	-289.5945	-373.6893	84.09477	0.9725361	0.37613	0.62387	2.203438
3048	-293.3087	-377.4572	84.14849	1.273881	0.180573	0.819427	1.969881
3054	-286.7364	-370.8519	84.11548	1.328621	0.353843	0.646157	1.955302
3060	-289.829	-374.0199	84.19092	1.253176	0.353843	0.646157	1.955302
3066	-288.4524	-372.8366	84.38416	1.557502	0.443185	0.556815	1.60908
3072	-294.5889	-379.5841	84.99521	0.9193996	0.316346	0.683654	1.628647
3078	-291.088	-375.6142	84.52612	1.446801	0.329831	0.670169	1.586332
3084	-287.0284	-371.8728	84.84438	1.861123	0.210724	0.789276	0.9784223
3090	-295.7185	-380.8283	85.1098	1.821706	0.33024	0.66976	0.6928665
3096	-295.1938	-380.3622	85.16837	1.821706	0.473534	0.526466	0.5218968
3102	-304.2054	-388.595	84.38963	1.238835	0.39741	0.60259	1.830008
3108	-303.2108	-387.6245	84.41367	1.214789	0.39741	0.60259	1.830008
3114	-296.6229	-381.3364	84.71347	1.045914	0.39741	0.60259	1.739061
3120	-299.6002	-384.1369	84.53668	1.222701	0.375636	0.624364	1.739061
3126	-297.2792	-382.2728	84.99361	1.629569	0.319502	0.680498	1.059286
3132	-295.8272	-380.9048	85.07763	0.986462	0.319502	0.680498	1.519088
3138	-294.6536	-379.6889	85.0353	1.36693	0.178675	0.821325	1.254219
3144	-292.6214	-377.5753	84.9539	1.448335	0.187998	0.812002	1.254219
3150	-294.266	-379.0668	84.80078	1.584799	0.221276	0.778724	1.268016
3156	-298.3048	-383.3149	85.01018	1.425384	0.603803	0.396197	1.226298
3162	-291.6143	-376.2115	84.59718	1.193729	0.274586	0.725414	1.71688
3168	-295.3799	-379.8628	84.48293	1.307975	0.236309	0.763691	1.71688
3174	-294.6551	-378.8608	84.20571	1.500343	0.385035	0.614965	1.776327
3180	-301.3871	-385.6067	84.21963	1.460534	0.515681	0.484319	1.794306
3186	-290.87	-375.3795	84.50944	1.261481	0.268669	0.731331	1.730953
3192	-294.1825	-377.7688	83.58629	0.8431972	0.332404	0.667596	2.606299
3198	-293.9888	-377.989	84.00028	1.008126	0.196998	0.803002	2.241431
3204	-291.1228	-376.2048	85.08197	1.349843	0.325544	0.674456	1.229461
3210	-291.0488	-375.9827	84.93395	1.344426	0.325544	0.674456	1.35467
3216	-286.6512	-371.7915	85.14035	1.141705	0.362191	0.637809	1.351749
3222	-297.7648	-380.9567	83.19182	0.8219953	0.268888	0.731112	2.860704
3228	-296.9391	-380.5126	83.57358	0.847201	0.254187	0.745813	2.611688
3234	-301.1642	-385.2624	84.09821	0.9978363	0.125252	0.874748	2.184825
3240	-297.3632	-382.2044	84.8412	1.382405	0.216801	0.783199	1.397688
3246	-301.3851	-385.4964	84.11125	1.180086	0.229226	0.770774	2.057047
3252	-295.8099	-379.7563	83.94635	1.34761	0.340389	0.659611	2.055311
3258	-298.3123	-383.3143	85.00208	1.548963	0.36792	0.63208	1.12581
3264	-294.508	-379.0641	84.55608	0.9666858	0.378347	0.621653	1.902202
3270	-294.7124	-379.314	84.60168	1.4452	0.226252	0.773748	1.53189
3276	-291.4403	-375.7699	84.32961	1.003951	0.230751	0.769249	2.029092
3282	-293.5685	-378.4815	84.91301	1.080829	0.434205	0.565795	1.571023
3288	-290.6238	-375.4384	84.81467	1.314257	0.347233	0.652767	1.470375
3294	-284.6888	-369.9365	85.24774	1.383356	0.278264	0.721736	1.05177
3300	-283.4168	-368.3815	84.96473	1.408128	0.300438	0.699562	1.278489
3306	-282.3093	-367.6454	85.33612	1.455904	0.377922	0.622078	0.8849603
3312	-294.319	-379.6089	85.28988	1.680082	0.377922	0.622078	0.6097161
3318	-291.6164	-377.0436	85.42719	1.429332	0.500693	0.499307	0.8059579
3324	-289.5949	-375.022	85.42707	1.505175	0.216995	0.783005	0.6915448
3330	-290.0812	-375.0218	84.94055	2.014954	0.381937	0.618063	0.3783223
3336	-291.3591	-376.3984	85.03936	1.918122	0.315794	0.684206	0.3814472
3342	-301.2382	-385.9129	84.6747	2.250233	0.516119	0.483881	0.3395622
3348	-299.5686	-384.7393	85.17069	1.797469	0.239936	0.760064	0.6146301
3354	-295.4896	-380.7527	85.26303	1.621701	0.361542	0.638458	0.7672264
3360	-293.1267	-378.1006	84.97387	1.398349	0.266254	0.733746	1.279012
3366	-294.6946	-379.7294	85.03481	1.756842	0.188807	0.811193	0.8853854
3372	-295.8579	-381.1873	85.32941	1.364315	0.188807	0.811193	0.990384
3378	-294.927	-379.9821	85.0551	1.710141	0.342822	0.657178	0.9150967
3384	-290.5647	-375.5472	84.98248	1.62984	0.448868	0.551132	1.069528
3390	-292.2785	-377.2218	84.94325	1.465542	0.409854	0.590146	1.248759
3396	-297.1485	-382.5976	85.4491	1.23069	0.185671	0.814329	1.004362
3402	-308.217	-393.0275	84.81051	0.8228035	0.40165	0.59835	1.826671
3408	-298.8458	-383.3588	84.51305	1.344463	0.341979	0.658021	1.669624
3414	-296.0688	-380.8901	84.82126	1.432071	0.31384	0.68616	1.374432
3420	-292.6869	-377.5471	84.8602	1.471872	0.349691	0.650309	1.311706
3426	-300.3504	-385.5504	85.20004	1.784735	0.292776	0.707224	0.4462022
3432	-301.581	-386.3492	84.7682	1.054637	0.405254	0.594746	1.694297
3438	-297.3918	-382.3604	84.96863	0.8542063	0.345335	0.654665	1.694297
3444	-300.6251	-384.6527	84.02763	0.6643418	0.38832	0.61168	2.44263
3450	-304.9314	-388.5417	83.61035	1.475993	0.150918	0.849082	2.191113
3456	-305.1572	-389.7485	84.59132	1.294093	0.240352	0.759648	1.649653
3462	-297.5223	-381.4229	83.90061	1.562291	0.230657	0.769343	1.942661
3468	-295.638	-379.9479	84.30988	0.9243716	0.399985	0.600015	2.094647
3474	-298.1579	-383.4051	85.24721	1.545034	0.381215	0.618785	0.8847071
3480	-301.0489	-386.0828	85.03383	1.402173	0.381215	0.618785	1.225924
3486	-306.0301	-390.6073	84.57712	1.670341	0.463675	0.536325	1.379041
3492	-304.5309	-389.7462	85.21525	1.437794	0.361542	0.638458	1.030653
3498	-299.2182	-384.5967	85.3785	1.485884	0.295057	0.704943	0.7954875
3504	-299.6826	-384.9361	85.2535	1.596646	0.51489	0.48511	0.8142832
3510	-297.6518	-382.8797	85.22785	1.545943	0.320969	0.679031	0.9056081
3516	-295.8199	-380.8993	85.07938	1.806418	0.501163	0.498837	0.765701
3522	-296.4091	-381.212	84.80286	1.869194	0.370823	0.629177	1.012036
3528	-292.1451	-376.9315	84.7864	1.188157	0.362001	0.637999	1.585136
3534	-300.2692	-384.98	84.71083	1.82434	0.343766	0.656234	1.140017
3540	-296.601	-381.8515	85.2505	1.515761	0.560792	0.439208	0.9139678
3546	-303.896	-389.0508	85.15482	1.611443	0.453858	0.546142	0.9139678
3552	-297.7445	-383.0906	85.34601	1.622991	0.366821	0.633179	0.6123618
3558	-302.7824	-387.8811	85.09874	1.476593	0.109244	0.890756	1.103782
3564	-303.9506	-388.544	84.59343	1.48903	0.31745	0.68255	1.505367
3570	-296.136	-381.5323	85.39632	1.356617	0.323474	0.676526	0.9285438
3576	-292.2672	-377.4339	85.16672	1.005291	0.178625	0.821375	1.437542
3582	-294.7445	-380.1062	85.36176	1.264635	0.178625	0.821375	1.056236
3588	-298.976	-384.1671	85.19107	1.599037	0.372612	0.627388	0.8871582
3594	-293.0733	-378.3825	85.3092	1.480906	0.378468	0.621532	0.8871582
3600	-281.3974	-366.4821	85.08469	1.709246	0.208928	0.791072	0.8827621
3606	-281.1589	-366.5453	85.38637	1.401322	0.276779	0.723221	0.8899271
3612	-292.508	-377.6368	85.12883	1.185728	0.376054	0.623946	1.325816
3618	-292.4255	-377.2355	84.81007	1.013563	0.449363	0.550637	1.693726
3624	-289.7249	-373.6833	83.9584	1.334387	0.362501	0.637499	2.056088
3630	-291.9753	-376.8866	84.91124	1.775029	0.394685	0.605315	0.9978887
3636	-292.5353	-377.5708	85.03551	1.876216	0.372449	0.627551	0.7263663
3642	-293.9524	-379.2345	85.2821	1.394656	0.514926	0.485074	1.007376
3648	-291.1746	-376.5092	85.33456	1.277483	0.600436	0.399564	1.069784
3654	-291.8332	-376.8015	84.96831	1.64374	0.600436	0.399564	1.069784
3660	-290.6199	-375.6052	84.98528	1.744779	0.157167	0.842833	0.9529601
3666	-290.7426	-376.0256	85.283	1.676926	0.497053	0.502947	0.6352301
3672	-299.3089	-384.4838	85.17495	1.733792	0.537701	0.462299	0.731116
3678	-299.1587	-384.3896	85.23082	1.677928	0.288102	0.711898	0.731116
3684	-304.528	-389.8592	85.3312	1.543733	0.2678	0.7322	0.7810622
3690	-304.594	-389.6166	85.02254	1.684015	0.383958	0.616042	0.9773454
3696	-296.208	-381.5262	85.31816	1.291598	0.347438	0.652562	1.071934
3702	-299.2359	-384.2344	84.99845	1.611305	0.241359	0.758641	1.071934
3708	-303.327	-388.343	85.01592	1.251907	0.255019	0.744981	1.363015
3714	-295.3219	-379.9431	84.62123	1.603432	0.36058	0.63942	1.396866
3720	-292.3876	-377.1433	84.75567	1.590196	0.36058	0.63942	1.300533
3726	-296.7983	-381.6975	84.89922	1.325112	0.182464	0.817536	1.397117
3732	-293.3849	-378.1478	84.76294	1.461399	0.150142	0.849858	1.397117
3738	-292.5037	-377.3568	84.85314	1.404951	0.319028	0.680972	1.370688
3744	-299.5489	-384.6109	85.06192	1.72069	0.249761	0.750239	0.895694
3750	-298.4896	-383.7347	85.24508	1.72069	0.146355	0.853645	0.3959019
3756	-291.7409	-376.8996	85.1587	1.827537	0.300481	0.699519	0.452722
3762	-293.9408	-379.0214	85.08058	1.882453	0.319238	0.680762	0.6277803
3768	-295.8431	-381.122	85.27893	1.54193	0.221637	0.778363	0.8509442
3774	-288.1344	-373.2107	85.0763	1.909502	0.488795	0.511205	0.5527588
3780	-291.9555	-376.5969	84.64134	1.916024	0.160083	0.839917	1.120111
3786	-290.054	-375.0573	85.00333	1.393544	0.353581	0.646419	1.258668
3792	-292.9756	-378.1223	85.14675	1.250129	0.342712	0.657288	1.258668
3798	-288.9149	-373.8339	84.91897	1.477905	0.168083	0.831917	1.258668
3804	-290.1567	-375.419	85.26224	1.562393	0.174257	0.825743	0.8463524
3810	-288.1958	-373.2726	85.07682	1.894303	0.23393	0.76607	0.6064489
3816	-295.3646	-380.5777	85.21315	1.748145	0.0749533	0.925047	0.3878026
3822	-296.6277	-382.0087	85.38098	1.351102	0.0961617	0.903838	0.9508307
3828	-293.3408	-378.3904	85.04956	1.379205	0.189052	0.810948	1.232029
3834	-304.1677	-388.8805	84.71279	1.98029	0.460972	0.539028	0.9910374
3840	-299.9487	-385.1057	85.15703	1.81191	0.232392	0.767608	0.6125279
3846	-297.171	-382.2644	85.09334	1.743048	0.35706	0.64294	0.8318121
3852	-296.8862	-381.2466	84.36037	1.60593	0.295643	0.704357	1.591165
3858	-290.7401	-375.8249	85.08477	1.841259	0.436509	0.563491	0.7025291
3864	-286.7378	-371.9609	85.22308	1.646522	0.300437	0.699563	0.7884027
3870	-294.7778	-379.8883	85.11051	1.586414	0.19338	0.80662	0.9871479
3876	-289.7424	-374.8024	85.05997	1.636957	0.278862	0.721138	0.9871479
3882	-291.776	-377.0225	85.24653	1.450393	0.351435	0.648565	0.9871479
3888	-297.8186	-382.939	85.12043	1.608293	0.227826	0.772174	0.9543569
3894	-299.2469	-384.3097	85.06284	1.638006	0.489175	0.510825	0.9831713
3900	-309.7312	-393.2418	83.51064	1.118254	0.597876	0.402124	2.482209
3906	-295.4273	-380.1905	84.76321	1.036225	0.249826	0.750174	1.710859
3912	-294.7818	-379.5814	84.79956	1.061262	0.248166	0.751834	1.667257
3918	-298.5165	-383.0133	84.49678	1.36404	0.248166	0.751834	1.667257
3924	-296.756	-382.0278	85.27179	1.660492	0.160106	0.839894	0.6914717
3930	-296.3287	-381.5444	85.2157	1.472023	0.404357	0.595643	0.9964264
3936	-298.5193	-383.6864	85.16713	1.390945	0.344454	0.655546	1.119467
3942	-296.0876	-380.9014	84.81379	1.412191	0.467498	0.532502	1.395834
3948	-298.344	-383.3044	84.96041	1.588713	0.375305	0.624695	1.127536
3954	-304.3272	-389.5906	85.26338	1.621659	0.310604	0.689396	0.7667921
3960	-310.5686	-395.6303	85.06175	1.652882	0.593654	0.406346	0.9690387
3966	-306.9827	-391.6	84.61721	1.507248	0.138508	0.861492	1.473762
3972	-305.2815	-389.6204	84.33882	1.526356	0.226887	0.773113	1.664146
3978	-299.182	-383.7555	84.57349	1.74665	0.471888	0.528112	1.321332
3984	-300.5124	-384.7098	84.19747	1.223881	0.254459	0.745541	1.970565
3990	-310.5601	-394.9696	84.40947	1.617204	0.324439	0.675561	1.546852
3996	-301.9902	-386.9472	84.95705	1.613063	0.325684	0.674316	1.108548
4002	-298.2323	-382.9342	84.70191	1.974619	0.257175	0.742825	1.007598
4008	-297.2268	-381.8606	84.63382	2.143437	0.427746	0.572254	0.9017302
4014	-295.4846	-380.4866	85.00202	1.983525	0.427746	0.572254	0.4495148
4020	-295.9233	-380.9515	85.02818	1.772763	0.427746	0.572254	0.8746265
4026	-292.0267	-376.7911	84.76438	2.070162	0.425665	0.574335	0.834116
4032	-289.3177	-373.9946	84.67694	1.124558	0.310332	0.689668	1.709403
4038	-295.7037	-378.762	83.05832	1.016399	0.281353	0.718647	2.823754
4044	-301.0883	-385.8791	84.79083	1.204474	0.331261	0.668739	1.569945
4050	-305.9817	-390.6669	84.68512	1.542286	0.178276	0.821724	1.394724
4056	-301.8539	-386.7291	84.87523	1.677071	0.304892	0.695108	1.124676
4062	-302.9941	-388.1797	85.18558	1.187952	0.327449	0.672551	1.277941
4068	-299.8827	-384.6167	84.73404	1.424186	0.247815	0.752185	1.448089
4074	-301.6833	-386.5874	84.90412	2.070017	0.448999	0.551001	0.5975511
4080	-304.8498	-388.8551	84.00534	1.492459	0.702729	0.297271	1.919112
4086	-300.6574	-385.5082	84.85082	1.278612	0.32674	0.67326	1.469991
4092	-304.1241	-388.9238	84.79969	1.32171	0.426949	0.573051	1.476071
4098	-291.1003	-375.8969	84.79654	1.324863	0.426949	0.573051	1.476071
4104	-291.0535	-375.575	84.52152	1.599876	0.23145	0.76855	1.476071
4110	-291.0012	-376.1142	85.11307	1.836275	0.202915	0.797085	0.6585559
4116	-296.6172	-381.4254	84.80818	1.953591	0.138111	0.861889	0.9189087
4122	-302.9187	-387.2844	84.36565	1.087643	0.377321	0.622679	1.949122
4128	-299.7695	-384.4758	84.70634	1.320474	0.152634	0.847366	1.546753
4134	-300.132	-385.1581	85.02605	1.501253	0.318081	0.681919	1.147006
4140	-300.0365	-385.5259	85.48939	1.20835	0.318081	0.681919	0.9863203
4146	-300.3101	-385.5552	85.24514	1.205871	0.261245	0.738755	1.213211
4152	-292.7053	-377.9513	85.24595	1.600722	0.217467	0.782533	0.8187672
4158	-297.9686	-382.6991	84.73051	1.704969	0.203401	0.796599	1.226371
4164	-302.9236	-388.2532	85.32965	1.24361	0.155917	0.844083	1.105676
4170	-307.8314	-392.7512	84.91978	1.74057	0.290448	0.709552	1.023536
4176	-305.2525	-390.3224	85.06987	1.876823	0.202305	0.797695	0.6639821
4182	-299.1542	-384.1285	84.97421	2.016535	0.185417	0.814583	0.48864
4188	-295.7927	-380.9081	85.11537	1.875139	0.127495	0.872505	0.4843621
4194	-293.5315	-378.796	85.26455	1.417722	0.258661	0.741339	1.001881
4200	-308.2886	-392.9153	84.6267	1.24822	0.335133	0.664867	1.657179
4206	-310.83	-394.0479	83.21786	1.156303	0.315796	0.684204	2.640477
4212	-300.3064	-385.2386	84.93215	1.383894	0.111023	0.888977	1.324619
4218	-294.2711	-379.0738	84.8027	1.386564	0.260104	0.739896	1.424278
4224	-296.874	-381.5597	84.68575	1.328161	0.325788	0.674212	1.55627
4230	-293.0685	-378.3433	85.27474	1.508391	0.122998	0.877002	0.8951105
4236	-296.3368	-381.312	84.97526	1.981965	0.339022	0.660978	0.6414808
4242	-297.354	-381.8948	84.54075	1.122002	0.182015	0.817985	1.806358
4248	-292.408	-376.9658	84.55783	1.571686	0.321674	0.678326	1.469929
4254	-293.378	-378.194	84.81602	1.097059	0.321674	0.678326	1.629753
4260	-292.5118	-377.6236	85.11185	1.48039	0.321674	0.678326	1.088242
4266	-297.4372	-382.4828	85.0456	1.701108	0.180418	0.819582	0.9352624
4272	-303.9516	-389.3784	85.42675	1.343043	0.205976	0.794024	0.9100628
4278	-308.833	-393.8926	85.05964	1.587215	0.206923	0.793077	1.036648
4284	-310.0025	-395.4221	85.41959	1.322261	0.487622	0.512378	0.9404621
4290	-302.3661	-387.5073	85.14128	1.776994	0.205417	0.794583	0.7156801
4296	-309.3064	-394.2156	84.90917	2.009102	0.313898	0.686102	0.7156801
4302	-309.577	-394.6777	85.10065	1.840971	0.299481	0.700519	0.6740238
4308	-309.7	-394.6762	84.97622	1.921105	0.278386	0.721614	0.7487257
4314	-309.4763	-394.4674	84.99104	1.777238	0.285777	0.714223	0.9117384
4320	-295.1321	-380.0203	84.88821	1.777238	0.228818	0.771182	1.018539
4326	-294.2766	-379.3938	85.11719	1.637377	0.232541	0.767459	0.9267683
4332	-295.8846	-381.0586	85.17396	1.712885	0.164925	0.835075	0.7641797
4338	-297.6405	-382.5278	84.8873	2.101536	0.205648	0.794352	0.4677355
4344	-307.3265	-391.8299	84.50349	1.007108	0.398957	0.601043	1.910447
4350	-301.8664	-386.8025	84.93613	1.429197	0.160346	0.839654	1.284667
4356	-296.8552	-382.0375	85.18226	1.39696	0.18673	0.81327	1.100232
4362	-295.1587	-379.3787	84.22007	1.410414	0.512409	0.487591	1.828616
4368	-295.9848	-381.2302	85.24541	1.686103	0.288644	0.711356	0.6928495
4374	-296.3869	-381.6668	85.27991	1.653386	0.411152	0.588848	0.6896385
4380	-290.2823	-375.0101	84.72785	1.31255	0.459299	0.540701	1.536696
4386	-286.3242	-370.9424	84.61822	1.092989	0.291423	0.708577	1.772738
4392	-285.8728	-370.8912	85.01836	1.493706	0.304003	0.695997	1.160453
4398	-291.3872	-374.8014	83.41421	1.492376	0.212011	0.787989	2.306695
4404	-296.6899	-380.6266	83.93665	0.9699318	0.243896	0.756104	2.306695
4410	-300.0175	-384.3988	84.38122	1.104476	0.191021	0.808979	1.927292
4416	-300.8861	-385.2149	84.32872	1.088551	0.191021	0.808979	1.973294
4422	-295.5216	-379.5248	84.00311	1.41416	0.314877	0.685123	1.973294
4428	-298.4244	-383.2458	84.82136	1.754651	0.213665	0.786335	1.103164
4434	-296.9521	-381.8928	84.94063	1.635381	0.319199	0.680801	1.103164
4440	-299.9545	-384.8112	84.85668	1.183906	0.282245	0.717755	1.536559
4446	-295.3051	-380.741	85.43589	1.27029	0.466804	0.533196	0.9777267
4452	-292.9929	-378.2739	85.281	1.323597	0.441052	0.558948	1.076755
4458	-290.0843	-374.1246	84.04023	1.145258	0.121061	0.878939	2.126598
4464	-291.3511	-375.942	84.59094	1.615119	0.202364	0.797636	1.411307
4470	-291.376	-376.2496	84.87361	1.332451	0.222978	0.777022	1.411307
4476	-293.6509	-377.7858	84.13489	2.071168	0.358688	0.641312	1.411307
4482	-297.0241	-381.4695	84.44534	0.7582261	0.0898297	0.91017	2.114766
4488	-294.7157	-378.9405	84.22479	1.471233	0.362093	0.637907	1.783301
4494	-296.1758	-379.2359	83.06006	1.579541	0.153562	0.846438	2.475498
4500	-287.5068	-371.0353	83.52845	1.334106	0.25668	0.74332	2.334752
4506	-290.8477	-375.4574	84.60967	0.9627901	0.242565	0.757435	1.868388
4512	-295.7582	-381.0313	85.27309	1.261078	0.246266	0.753734	1.14091
4518	-287.3126	-372.6138	85.30125	1.399068	0.171083	0.828917	0.9837079
4524	-292.0603	-377.167	85.10673	1.593585	0.40435	0.59565	0.9837079
4530	-297.5169	-382.6488	85.13191	1.568408	0.290181	0.709819	0.9837079
4536	-297.6805	-382.7868	85.10635	1.39512	0.290181	0.709819	1.169736
4542	-296.2161	-381.3113	85.09516	1.39512	0.261584	0.738416	1.179477
4548	-295.2684	-380.0295	84.76109	1.431253	0.197221	0.802779	1.421907
4554	-291.4627	-376.2123	84.74958	1.442759	0.153495	0.846505	1.421907
4560	-292.9525	-377.8073	84.85478	1.506481	0.255294	0.744706	1.287989
4566	-297.7477	-382.6164	84.86865	1.681167	0.174505	0.825495	1.126909
4572	-298.8604	-383.7728	84.91235	1.358329	0.40659	0.59341	1.360765
4578	-293.0088	-377.6441	84.63533	1.405722	0.297788	0.702212	1.536211
4584	-305.9354	-390.5004	84.56501	2.395679	0.180194	0.819806	0.3867639
4590	-294.1031	-379.1834	85.08029	1.84676	0.205152	0.794848	0.700766
4596	-299.6708	-384.3662	84.6954	1.820525	0.457437	0.542563	1.157056
4602	-300.9044	-385.4091	84.5047	1.496698	0.200793	0.799207	1.565477
4608	-297.7005	-382.0527	84.3522	1.533567	0.246484	0.753516	1.649402
4614	-296.3514	-380.8958	84.54444	1.281653	0.339534	0.660466	1.691987
4620	-308.175	-392.8223	84.64735	2.164317	0.492669	0.507331	0.8619915
4626	-293.4329	-378.4587	85.02579	1.858559	0.490278	0.509722	0.767774
4632	-293.3486	-378.6126	85.26403	1.539317	0.344531	0.655469	0.871824
4638	-290.3023	-375.2516	84.9493	1.756633	0.257809	0.742191	0.9779773
4644	-291.0826	-375.9917	84.90908	1.796853	0.404111	0.595889	0.9779773
4650	-293.5935	-378.6535	85.06003	1.40827	0.218459	0.781541	1.198443
4656	-297.3435	-382.1089	84.76539	1.508269	0.324023	0.675977	1.358407
4662	-295.3408	-380.5125	85.17175	1.246061	0.344885	0.655115	1.241218
4668	-293.206	-377.6626	84.45668	1.109014	0.415348	0.584652	1.873001
4674	-293.3863	-378.2465	84.86018	1.361062	0.226641	0.773359	1.399522
4680	-303.5445	-388.4348	84.89027	2.096789	0.212011	0.787989	0.4568466
4686	-293.6067	-378.7249	85.11825	1.872505	0.208259	0.791741	0.5113553
4692	-297.4586	-382.6407	85.18209	1.698183	0.236809	0.763191	0.7735763
4698	-301.803	-386.3161	84.51308	1.465526	0.320416	0.679584	1.582175
4704	-290.0863	-375.4573	85.37095	1.495006	0.246874	0.753126	0.7933706
4710	-286.4616	-371.3116	84.85002	2.127458	0.498939	0.501061	0.4221986
4716	-294.6805	-379.5898	84.90932	2.081169	0.246968	0.753032	0.5164087
4722	-299.7225	-384.6555	84.93292	2.052784	0.278299	0.721701	0.553308
4728	-295.872	-380.8791	85.00713	1.983834	0.410271	0.589729	0.4952956
4734	-298.9088	-383.8026	84.89381	2.09669	0.307254	0.692746	0.5162339
4740	-306.3672	-391.3068	84.93958	1.958069	0.307254	0.692746	0.7482348
4746	-299.8672	-385.0836	85.21647	1.409098	0.353122	0.646878	1.057019
4752	-297.2503	-381.7203	84.47003	1.576363	0.175341	0.824659	1.532256
4758	-295.2324	-380.3828	85.15036	1.539402	0.346279	0.653721	0.9943836
4764	-295.754	-378.3708	82.61682	1.491911	0.298669	0.701331	2.803071
4770	-298.3333	-382.8268	84.49353	0.9238034	0.32483	0.67517	1.973256
4776	-292.5402	-377.0375	84.49733	1.44668	0.261061	0.738939	1.607377
4782	-300.2107	-384.9401	84.72938	1.210481	0.176488	0.823512	1.610389
4788	-301.8607	-384.9618	83.1011	1.351311	0.388674	0.611326	2.592108
4794	-304.7644	-388.7366	83.97226	1.57213	0.31545	0.68455	1.887518
4800	-298.8235	-382.9064	84.08288	1.46151	0.478792	0.521208	1.887518
4806	-299.7255	-384.4007	84.6752	1.512108	0.32224	0.67776	1.425785
4812	-292.1267	-377.0054	84.87876	1.851726	0.336576	0.663424	0.9525126
4818	-291.0567	-376.0808	85.02406	1.851726	0.240417	0.759583	0.7798817
4824	-299.8789	-384.4355	84.55668	1.754213	0.462452	0.537548	1.328754
4830	-300.082	-384.9239	84.84188	2.037834	0.462452	0.537548	0.7743695
4836	-302.0703	-387.2608	85.19052	1.688527	0.238594	0.761406	0.7753092
4842	-304.5914	-389.577	84.98565	1.91703	0.490337	0.509663	0.7405787
4848	-296.805	-381.9375	85.13251	1.537075	0.34092	0.65908	1.014467
4854	-308.9284	-394.2236	85.2952	1.586352	0.295911	0.704089	0.7717596
4860	-305.8132	-390.8762	85.06307	1.894489	0.20064	0.79936	0.6407124
4866	-308.4287	-393.3023	84.87352	1.894489	0.257016	0.742984	0.9120349
4872	-303.1914	-388.1361	84.94466	1.792104	0.259929	0.740071	0.9458718
4878	-304.2417	-389.1186	84.87692	2.063003	0.283929	0.716071	0.6772834
4884	-303.1266	-388.0618	84.9352	1.71744	0.283929	0.716071	1.03105
4890	-303.7903	-388.5469	84.75662	2.173474	0.283929	0.716071	0.3451589
4896	-296.2886	-381.0594	84.77083	2.208506	0.313027	0.686973	0.4274272
4902	-298.5942	-383.5083	84.91405	2.068659	0.304558	0.695442	0.5672437
4908	-296.317	-381.2651	84.94807	1.633547	0.314041	0.685959	1.098029
4914	-300.7257	-385.3241	84.59834	2.057983	0.536818	0.463182	1.027468
4920	-292.3491	-377.1061	84.75694	1.96318	0.519042	0.480958	0.9633473
4926	-292.022	-377.1092	85.08726	1.551561	0.234864	0.765136	1.044386
4932	-291.255	-376.4418	85.18681	1.75375	0.377541	0.622459	0.6760664
4938	-291.6592	-376.9933	85.33415	1.381101	0.377541	0.622459	0.9684005
4944	-289.1041	-374.5502	85.44619	1.385996	0.483941	0.516059	0.837053
4950	-295.7215	-381.1117	85.39015	1.531036	0.188338	0.811662	0.7108131
4956	-288.6154	-373.4636	84.84822	2.134886	0.561569	0.438431	0.5655224
4962	-290.6177	-375.5626	84.94488	2.030041	0.629867	0.370133	0.5951312
4968	-291.1298	-376.0294	84.89962	2.078161	0.255543	0.744457	0.5858163
4974	-287.3686	-372.7908	85.42221	1.557753	0.284627	0.715373	0.5780652
4980	-281.5692	-366.778	85.20876	1.539205	0.263125	0.736875	0.9339082
4986	-287.1733	-372.6575	85.48424	1.329036	0.40741	0.59259	0.8600697
4992	-291.6825	-375.1401	83.45755	1.114762	0.353321	0.646679	2.517571
4998	-295.8819	-380.985	85.10312	1.328607	0.353321	0.646679	1.229531
5004	-304.7394	-389.5736	84.83429	1.617161	0.484726	0.515274	1.212837
5010	-298.3861	-383.3258	84.93969	1.572949	0.359035	0.640965	1.159949
5016	-299.0522	-384.2071	85.15491	1.479384	0.359035	0.640965	1.048716
5022	-298.2115	-383.493	85.28151	1.127816	0.485165	0.514835	1.248313
5028	-295.0429	-380.4608	85.41797	1.331743	0.485165	0.514835	0.932028
5034	-295.6948	-381.0229	85.32807	1.649861	0.118826	0.881174	0.5853007
5040	-300.6981	-385.5206	84.82253	1.342417	0.401486	0.598514	1.442948
5046	-301.1193	-386.4679	85.34861	1.283845	0.232104	0.767896	1.050469
5052	-298.662	-383.296	84.634	1.179226	0.260006	0.739994	1.701106
5058	-297.737	-382.5794	84.84243	1.192253	0.249976	0.750024	1.540927
5064	-296.3628	-381.1627	84.79986	1.030522	0.296112	0.703888	1.688941
5070	-292.98	-377.9294	84.94939	1.608836	0.383539	0.616461	1.119328
5076	-297.5735	-383.1798	85.60632	1.356955	0.289987	0.710013	0.6271746
5082	-299.0127	-384.0685	85.05579	1.561863	0.113267	0.886733	1.064514
5088	-297.1183	-381.7798	84.66154	1.460313	0.10406	0.89594	1.475727
5094	-301.2477	-386.2996	85.05191	1.232452	0.367421	0.632579	1.349921
5100	-304.4528	-388.0822	83.62941	1.136572	0.353341	0.646659	2.395985
5106	-299.8308	-385.0038	85.17297	1.300081	0.238736	0.761264	1.194356
5112	-307.9591	-393.1234	85.1643	1.406324	0.221665	0.778335	1.108084
5118	-305.5334	-390.8461	85.31265	1.140047	0.257305	0.742695	1.211775
5124	-294.5698	-379.8475	85.27763	1.472815	0.233822	0.766178	0.9312354
5130	-296.9162	-381.4716	84.55539	1.724149	0.386073	0.613927	1.35375
5136	-291.4556	-376.4652	85.00959	1.874582	0.348615	0.651385	0.7680322
5142	-293.6235	-378.3526	84.7291	1.638307	0.390074	0.609926	1.282962
5148	-295.8646	-380.1765	84.31198	1.444702	0.214368	0.785632	1.740957
5154	-303.3489	-388.5815	85.23265	0.9648471	0.371791	0.628209	1.417932
5160	-300.9089	-385.8746	84.96567	1.344806	0.198692	0.801308	1.32909
5166	-295.306	-380.3598	85.0538	1.283606	0.168174	0.831826	1.307392
5172	-295.9646	-381.3037	85.33914	1.463327	0.477568	0.522432	0.8728524
5178	-294.5618	-379.3318	84.77	1.139984	0.419547	0.580453	1.631983
5184	-292.5662	-377.7174	85.15123	1.562902	0.368116	0.631884	0.9695524
5190	-293.2133	-378.294	85.08071	1.906435	0.21338	0.78662	0.5452817
5196	-293.5497	-378.967	85.41735	1.488431	0.30913	0.69087	0.7357761
5202	-290.3904	-375.2249	84.83453	2.149019	0.306801	0.693199	0.5635779
5208	-286.521	-371.4881	84.96713	1.923284	0.240873	0.759127	0.7589858
5214	-297.3572	-382.2639	84.90676	2.010296	0.156684	0.843316	0.7176954
5220	-288.6833	-373.9591	85.27585	1.373482	0.344084	0.655916	1.034256
5226	-289.2565	-374.3925	85.13595	1.4859	0.176605	0.823395	1.060543
5232	-287.104	-372.4574	85.35346	1.469798	0.283087	0.716913	0.8480273
5238	-291.0397	-376.2618	85.22207	1.693341	0.347847	0.652153	0.7204016
5244	-300.3371	-385.2134	84.87626	2.091843	0.172955	0.827045	0.6148051
5250	-292.8505	-377.8208	84.97028	1.662294	0.302026	0.697974	1.050355
5256	-288.5646	-373.4814	84.91681	1.402129	0.299114	0.700886	1.322293
5262	-288.3854	-372.681	84.29557	1.343043	0.278098	0.721902	1.823021
5268	-292.9991	-377.5358	84.53672	0.7794862	0.303651	0.696349	2.040597
5274	-290.8125	-375.807	84.99446	1.047396	0.227167	0.772833	1.53562
5280	-287.2369	-372.491	85.25407	1.312019	0.483904	0.516096	1.112211
5286	-292.8017	-377.7668	84.96516	1.662251	0.511278	0.488722	1.055275
5292	-295.4431	-380.3619	84.91884	1.575093	0.387316	0.612684	1.176303
5298	-288.1138	-373.2565	85.14264	1.731537	0.277914	0.722086	0.7821121
5304	-288.0079	-373.1506	85.14264	1.731537	0.190804	0.809196	0.7821121
5310	-302.5227	-387.72	85.19735	1.191481	0.410144	0.589856	1.265327
5316	-288.0904	-373.1996	85.10917	1.698277	0.289373	0.710627	0.866995
5322	-285.3762	-370.2295	84.85331	1.681373	0.183971	0.816029	1.140446
5328	-297.5374	-381.3978	83.86041	1.162839	0.250893	0.749107	2.231875
5334	-297.9095	-382.4857	84.57629	1.22322	0.250893	0.749107	1.71081
5340	-298.1233	-382.923	84.79966	0.9998502	0.354046	0.645954	1.71081
5346	-294.705	-380.0168	85.31175	1.241699	0.221708	0.778292	1.123642
5352	-298.1755	-383.5748	85.39935	1.184657	0.511745	0.488255	1.095832
5358	-307.1904	-392.3055	85.11511	1.626135	0.412534	0.587466	0.9411129
5364	-306.5915	-391.54	84.94855	1.500192	0.238525	0.761475	1.215133
5370	-297.2413	-381.9885	84.74718	1.352288	0.455443	0.544557	1.492604
5376	-295.4797	-379.8302	84.35051	1.220901	0.39176	0.60824	1.869104
5382	-290.764	-375.0625	84.29854	0.7421372	0.285754	0.714246	2.220636
5388	-288.9792	-372.4912	83.51205	0.9847956	0.233092	0.766908	2.564546
5394	-293.6658	-378.3737	84.70791	1.452239	0.216515	0.783485	1.446619
5400	-293.7111	-378.4073	84.6962	1.343278	0.344594	0.655406	1.537378
5406	-296.5964	-381.5863	84.98997	1.740979	0.148475	0.851525	0.9520185
5412	-293.9124	-379.1942	85.28177	1.497185	0.280038	0.719962	0.8998221
5418	-290.4713	-375.4179	84.94666	2.042677	0.229286	0.770714	0.4716159
5424	-296.6957	-381.8741	85.17831	1.754671	0.405338	0.594662	0.6902028
5430	-307.489	-392.4168	84.9278	1.778132	0.261757	0.738243	0.9779856
5436	-307.4231	-392.7719	85.34882	1.495062	0.338069	0.661931	0.8223341
5442	-305.9894	-391.1433	85.15391	1.404559	0.365613	0.634387	1.119117
5448	-295.555	-380.5056	84.95067	1.607794	0.331885	0.668115	1.119117
5454	-305.3849	-390.6446	85.25974	1.676537	0.378096	0.621904	0.6841488
5460	-303.3187	-388.3447	85.02603	1.525097	0.40128	0.59872	1.125734
5466	-295.796	-380.3999	84.60383	1.397496	0.202966	0.797034	1.565526
5472	-301.2315	-386.0615	84.82996	1.458394	0.467969	0.532031	1.346745
5478	-296.7886	-381.5929	84.80428	1.04674	0.358737	0.641263	1.674252
5484	-289.2826	-373.9055	84.62289	1.393296	0.214856	0.785144	1.554591
5490	-297.3434	-381.8529	84.50949	1.143764	0.406889	0.593111	1.81292
5496	-304.5767	-389.0242	84.4475	1.205755	0.304776	0.695224	1.81292
5502	-315.468	-400.2321	84.76409	2.226917	0.0705298	0.92947	0.4983322
5508	-309.9483	-394.4154	84.46716	2.518257	0.470561	0.529439	0.4489379
5514	-309.9425	-394.6474	84.70495	2.247638	0.121549	0.878451	0.6517077
5520	-299.9884	-384.2745	84.28614	1.556772	0.440071	0.559929	1.680026
5526	-299.0159	-383.4963	84.48045	1.212775	0.205935	0.794065	1.785246
5532	-298.115	-382.8043	84.68933	1.555391	0.347273	0.652727	1.381193
5538	-303.2745	-387.627	84.35251	1.555391	0.569147	0.430853	1.633491
5544	-298.9904	-383.7292	84.73873	1.503499	0.160564	0.839436	1.383142
5550	-288.9722	-374.0519	85.07973	1.599733	0.328107	0.671893	1.004685
5556	-292.7307	-377.7976	85.06693	1.762329	0.456668	0.543332	0.8406683
5562	-288.848	-374.0963	85.24827	1.493692	0.456668	0.543332	0.9403429
5568	-293.1833	-378.3624	85.17901	1.767614	0.227532	0.772468	0.6641162
5574	-290.5359	-375.733	85.19709	1.487559	0.324902	0.675098	0.999506
5580	-283.5582	-368.7654	85.2072	1.57963	0.311059	0.688941	0.8909098
5586	-294.4158	-379.7298	85.31403	1.348978	0.158757	0.841243	1.020933
5592	-296.635	-381.9521	85.31709	1.442575	0.308307	0.691693	0.9212206
5598	-287.9567	-373.216	85.25924	1.435987	0.291699	0.708301	0.988874
5604	-291.113	-376.431	85.31802	1.568833	0.407399	0.592601	0.7641706
5610	-305.1819	-390.2391	85.05722	1.563974	0.292109	0.707891	1.061165
5616	-295.9619	-381.2911	85.32919	1.428331	0.192066	0.807934	0.9235542
5622	-298.5392	-383.6954	85.15619	1.716013	0.267587	0.732413	0.7848375
5628	-299.804	-384.7017	84.89764	2.087251	0.478545	0.521455	0.557399
5634	-298.7772	-383.6798	84.90264	2.067505	0.224753	0.775247	0.4046839
5640	-292.3718	-377.4246	85.05282	1.487008	0.283955	0.716045	1.135861
5646	-301.6819	-386.4846	84.80272	1.587056	0.458004	0.541996	1.264552
5652	-301.5202	-385.7349	84.21473	1.448282	0.23731	0.76269	1.80618
5658	-303.2002	-388.0865	84.88625	1.735877	0.3248	0.6752	1.060289
5664	-309.1437	-393.8946	84.75095	1.27102	0.495254	0.504746	1.550324
5670	-306.9965	-391.5934	84.59684	1.443397	0.181519	0.818481	1.536815
5676	-305.7938	-390.7751	84.98127	1.920375	0.222562	0.777438	0.7421718
5682	-302.6989	-387.8556	85.15669	1.534377	0.120591	0.879409	0.9930719
5688	-295.5277	-380.6164	85.08867	1.310628	0.169766	0.830234	1.256658
5694	-295.2216	-379.3738	84.15222	1.235052	0.266376	0.733624	1.993352
5700	-299.6641	-384.8844	85.2203	1.345446	0.274782	0.725218	1.112521
5706	-296.6349	-381.8362	85.20134	1.192912	0.425374	0.574626	1.260847
5712	-294.7498	-379.3489	84.59909	1.835639	0.276534	0.723466	1.226998
5718	-285.9862	-371.0912	85.10494	1.520411	0.48844	0.51156	1.05723
5724	-291.8624	-377.0888	85.22632	1.117995	0.48844	0.51156	1.301793
5730	-293.3297	-377.6801	84.35039	1.58954	0.188152	0.811848	1.610333
5736	-298.464	-383.5243	85.06025	1.684971	0.349352	0.650648	0.936857
5742	-292.1967	-377.4639	85.26726	1.474075	0.207084	0.792916	0.9410089
5748	-293.4428	-378.6019	85.15915	1.123241	0.163884	0.836116	1.351484
5754	-292.4235	-377.4883	85.06483	1.217566	0.413315	0.586685	1.351484
5760	-296.2825	-380.4609	84.1784	1.237698	0.569494	0.430506	1.97408
5766	-291.1789	-376.2484	85.06951	1.504902	0.194008	0.805992	1.104624
5772	-289.8524	-375.1802	85.32777	1.238119	0.194008	0.805992	1.112388
5778	-285.8653	-370.8388	84.97351	1.161788	0.333861	0.666139	1.465544
5784	-299.3833	-384.8019	85.41861	1.300487	0.46111	0.53889	0.964414
5790	-288.1614	-373.3634	85.20197	1.396815	0.46111	0.53889	1.082174
5796	-284.9168	-369.7217	84.8049	1.666656	0.269445	0.730555	1.195645
5802	-291.0821	-376.1733	85.09121	1.666656	0.188092	0.811908	0.9231788
5808	-293.2792	-378.0049	84.72569	1.567409	0.30312	0.69688	1.342969
5814	-296.483	-381.1773	84.69426	1.101045	0.30312	0.69688	1.713777
5820	-297.796	-382.5323	84.73631	1.040292	0.30312	0.69688	1.726963
5826	-292.5502	-377.4782	84.92795	1.097536	0.308813	0.691187	1.547732
5832	-288.1767	-373.0181	84.84141	0.9012172	0.291566	0.708434	1.750804
5838	-291.0196	-375.5679	84.54826	0.449385	0.401809	0.598191	2.248356
5844	-290.428	-375.1197	84.69177	0.6777182	0.277633	0.722367	2.005207
5850	-288.7983	-372.9595	84.16119	1.208303	0.124901	0.875099	2.005207
5856	-288.3515	-372.8382	84.48666	1.160933	0.124901	0.875099	1.816826
5862	-290.8487	-375.5611	84.71241	1.812995	0.247767	0.752233	1.148687
5868	-288.7427	-373.666	84.92323	1.519757	0.515038	0.484962	1.220018
5874	-290.4907	-374.9123	84.42164	1.768033	0.294289	0.705711	1.423967
5880	-296.9948	-381.8835	84.88867	1.782974	0.244107	0.755893	1.012438
5886	-302.8234	-387.5204	84.69701	2.232477	0.514924	0.485076	0.6964751
5892	-300.1856	-385.5195	85.33392	1.639645	0.0766397	0.92336	0.599315
5898	-304.5788	-389.6387	85.05988	1.627998	0.468218	0.531782	0.9962758
5904	-296.2187	-381.2099	84.99123	1.64445	0.33243	0.66757	1.047391
5910	-298.4358	-383.7354	85.29961	1.618133	0.258076	0.741924	0.7165585
5916	-291.4086	-375.7022	84.29367	1.149851	0.325196	0.674804	1.955693
5922	-290.131	-374.8319	84.70089	1.228194	0.343547	0.656453	1.618195
5928	-299.3077	-383.7725	84.46483	1.529735	0.520106	0.479894	1.570488
5934	-289.059	-373.4585	84.39945	1.647775	0.587151	0.412849	1.531632
5940	-288.199	-373.2343	85.03531	1.906749	0.498169	0.501831	0.6731697
5946	-288.9582	-374.1509	85.19274	1.749318	0.542994	0.457006	0.6731697
5952	-292.5281	-377.6812	85.15316	1.704944	0.289739	0.710261	0.8038665
5958	-301.5726	-386.6429	85.07029	1.848841	0.128301	0.871699	0.714254
5964	-297.9837	-383.2246	85.24099	1.678149	0.471336	0.528664	0.714254
5970	-297.2484	-382.2382	84.98979	1.675941	0.418499	0.581501	1.018261
5976	-300.9344	-385.5096	84.57527	2.341457	0.25526	0.74474	0.7182383
5982	-297.0348	-382.1204	85.08551	1.470372	0.331914	0.668086	1.121445
5988	-301.6555	-386.5265	84.87099	1.635103	0.201113	0.798887	1.165691
5994	-293.6469	-378.8011	85.15421	1.582321	0.425339	0.574661	0.9461231
6000	-292.9076	-378.2035	85.29589	1.44064	0.277151	0.722849	0.9461231
6006	-285.9963	-371.1155	85.11918	1.509726	0.203359	0.796641	1.053857
6012	-287.9051	-372.8664	84.96132	1.263055	0.159245	0.840755	1.397088
6018	-291.9797	-377.4096	85.42985	0.9651794	0.151051	0.848949	1.260204
6024	-292.4211	-377.4413	85.02015	0.9595611	0.256359	0.743641	1.581366
6030	-296.5776	-381.5789	85.00126	1.180544	0.118164	0.881836	1.430023
6036	-289.1488	-374.4056	85.25676	1.625786	0.151543	0.848457	0.7703502
6042	-294.3704	-379.3081	84.93769	2.051823	0.151543	0.848457	0.5278253
6048	-299.4502	-384.4871	85.03692	1.952603	0.151543	0.848457	0.5278253
6054	-301.0468	-386.1852	85.13838	1.800499	0.277482	0.722518	0.6792817
6060	-307.5767	-392.9521	85.37534	1.570339	0.247587	0.752413	0.666031
6066	-306.1419	-391.3927	85.25077	1.570339	0.376813	0.623187	0.8506389
6072	-299.3167	-384.3619	85.0452	1.795156	0.367121	0.632879	0.8268133
6078	-296.0328	-381.1525	85.1197	1.718111	0.427709	0.572291	0.8300294
6084	-289.7723	-374.4701	84.6978	1.924327	0.427709	0.572291	1.060288
6090	-299.1469	-384.0265	84.87957	2.04547	0.335085	0.664915	0.7042387
6096	-304.5291	-389.3728	84.84371	2.028401	0.111337	0.888663	0.7849699
6102	-304.7144	-389.3447	84.63034	1.629901	0.208785	0.791215	1.369001
6108	-304.5682	-389.5535	84.98523	1.648997	0.266177	0.733823	1.048779
6114	-309.4168	-393.3496	83.93277	1.169135	0.18337	0.81663	2.181023
6120	-305.7702	-391.2793	85.50908	1.402492	0.595865	0.404135	0.7266095
6126	-301.2962	-386.3733	85.07706	1.64257	0.2872	0.7128	0.9638542
6132	-299.6834	-384.9921	85.30871	1.511303	0.519641	0.480359	0.8519718
6138	-296.0915	-381.208	85.11648	1.703535	0.502101	0.497899	0.8519718
6144	-297.4258	-381.7513	84.32557	1.703535	0.32221	0.67779	1.545057
6150	-296.4265	-380.9653	84.53872	1.490381	0.32221	0.67779	1.545057
6156	-300.5673	-385.7633	85.19598	1.589089	0.222783	0.777217	0.8929049
6162	-306.6214	-391.5243	84.90294	1.473632	0.170102	0.829898	1.275439
6168	-302.1558	-387.3747	85.21885	1.34804	0.0829203	0.91708	1.111477
6174	-301.8929	-386.7832	84.89031	2.075378	0.206222	0.793778	0.6211177
6180	-296.2847	-381.6932	85.40855	1.536491	0.206222	0.793778	0.6673143
6186	-286.7041	-371.8086	85.10453	1.572105	0.327848	0.672152	1.007501
6192	-289.4785	-374.5302	85.05172	1.932625	0.330768	0.669232	0.5599877
6198	-292.8623	-377.8735	85.01117	1.973168	0.330768	0.669232	0.5599877
6204	-301.9353	-387.1632	85.22784	1.757032	0.367831	0.632169	0.5574582
6210	-289.0295	-374.1193	85.08982	1.792343	0.336903	0.663097	0.770895
6216	-288.4428	-373.4396	84.99675	1.970084	0.346914	0.653086	0.6181394
6222	-292.9538	-377.7593	84.80554	1.814953	0.256298	0.743702	1.061828
6228	-291.3427	-376.1379	84.79517	1.188983	0.374343	0.625657	1.578122
6234	-292.9168	-377.1069	84.19005	1.251628	0.182919	0.817081	1.956931
6240	-293.2879	-377.7434	84.45544	0.9862318	0.431976	0.568024	1.956931
6246	-289.9877	-374.6656	84.6779	1.058374	0.451167	0.548833	1.755245
6252	-290.8708	-376.0756	85.20475	1.423813	0.246904	0.753096	1.054182
6258	-290.9365	-375.4387	84.50226	1.351494	0.44355	0.55645	1.6723
6264	-287.1614	-371.9563	84.79481	1.183109	0.273776	0.726224	1.582677
6270	-290.9472	-375.736	84.78882	1.189104	0.280496	0.719504	1.582677
6276	-295.0666	-379.5913	84.52474	1.095585	0.156441	0.843559	1.8356
6282	-299.6627	-385.0186	85.35582	1.438377	0.165959	0.834041	0.8824595
6288	-292.3489	-377.6496	85.30071	1.403886	0.455059	0.544941	0.9793469
6294	-294.9413	-380.0304	85.08912	1.881462	0.432291	0.567709	0.6079983
6300	-298.5662	-383.0844	84.5182	1.235974	0.188848	0.811152	1.742714
6306	-294.3368	-379.7523	85.4155	1.327841	0.393105	0.606895	0.9388688
6312	-302.0868	-386.8831	84.79636	1.188196	0.159886	0.840114	1.577828
6318	-298.9245	-383.5155	84.59098	1.367196	0.232824	0.767176	1.597081
6324	-300.8294	-385.4221	84.59278	1.365396	0.310714	0.689286	1.597081
6330	-304.798	-389.527	84.72904	1.229133	0.310714	0.689286	1.597081
6336	-305.0587	-389.6164	84.5577	1.170896	0.254503	0.745497	1.760612
6342	-304.8191	-389.9216	85.10243	1.824666	0.16722	0.83278	0.7006683
6348	-305.6265	-391.0043	85.37781	1.612202	0.222493	0.777507	0.5227005
6354	-315.9509	-400.7509	84.79998	1.151133	0.327597	0.672403	1.602219
6360	-304.8063	-389.2942	84.48788	1.243308	0.393604	0.606396	1.758802
6366	-301.2483	-386.3462	85.09789	1.295613	0.393604	0.606396	1.261467
6372	-307.0411	-391.9774	84.93629	2.040698	0.241108	0.758892	0.5884585
6378	-300.1051	-385.07	84.96487	1.505365	0.241108	0.758892	1.196782
6384	-302.0811	-386.8881	84.80699	1.908554	0.409807	0.590193	0.9680944
6390	-298.5084	-383.2994	84.79101	2.05732	0.363214	0.636786	0.8166262
6396	-300.8227	-385.6799	84.85726	2.125579	0.363214	0.636786	0.4387547
6402	-308.9156	-394.1454	85.22975	1.483103	0.311958	0.688042	0.9708775
6408	-319.3935	-404.0656	84.67215	2.040699	0.396221	0.603779	0.9708775
6414	-301.13	-386.0378	84.90776	1.541332	0.259332	0.740668	1.21484
6420	-296.8892	-381.3316	84.44245	1.291712	0.259332	0.740668	1.756724
6426	-291.5602	-375.9755	84.41531	1.390371	0.475658	0.524342	1.706447
6432	-296.8078	-381.2098	84.40204	1.403634	0.619416	0.380584	1.706447
6438	-293.7683	-378.5483	84.78001	1.252597	0.460918	0.539082	1.542471
6444	-294.0277	-379.337	85.30935	1.124958	0.305058	0.694942	1.22736
6450	-292.8731	-377.7873	84.91416	1.124958	0.232438	0.767562	1.537645
6456	-285.945	-369.6495	83.70443	1.687713	0.10495	0.89505	1.990103
6462	-285.7361	-370.9744	85.2383	1.45776	0.16813	0.83187	0.9880246
6468	-288.4559	-373.1452	84.68933	2.247138	0.158526	0.841474	0.6837958
6474	-286.2767	-371.1507	84.87394	1.844195	0.291294	0.708706	0.9654118
6480	-292.9066	-377.989	85.0824	1.39902	0.188089	0.811911	1.187144
6486	-301.3373	-385.4276	84.09029	1.54468	0.25361	0.74639	1.82553
6492	-290.9001	-375.3033	84.40322	1.231753	0.31995	0.68005	1.82553
6498	-289.3681	-374.1628	84.7947	1.209097	0.31995	0.68005	1.563711
6504	-297.8407	-382.9136	85.07284	1.460562	0.311508	0.688492	1.14159
6510	-297.6894	-382.9148	85.22548	1.471555	0.23798	0.76202	0.987036
6516	-302.4001	-386.5983	84.19816	1.804006	0.35166	0.64834	1.564912
6522	-297.9949	-382.3382	84.34331	1.859439	0.363831	0.636169	1.413868
6528	-297.734	-382.3969	84.66291	1.44024	0.354159	0.645841	1.489835
6534	-297.5069	-382.7188	85.21186	1.693834	0.178683	0.821317	0.7359036
6540	-300.3836	-385.1968	84.81326	1.534405	0.472263	0.527737	1.299068
6546	-300.0213	-384.7635	84.74219	1.605479	0.384335	0.615665	1.299068
6552	-303.7849	-388.5374	84.75247	2.238179	0.284956	0.715044	0.5135439
6558	-296.9156	-381.8151	84.89952	2.056101	0.309016	0.690984	0.3784997
6564	-292.7913	-377.558	84.76671	2.033834	0.337036	0.662964	0.8750981
6570	-296.3233	-381.0956	84.77224	2.025793	0.401018	0.598982	0.8780149
6576	-300.8755	-385.9493	85.07379	1.909607	0.281299	0.718701	0.5642535
6582	-292.8287	-377.7868	84.95807	1.600793	0.27325	0.72675	1.118761
6588	-292.575	-377.7245	85.14948	1.49525	0.222732	0.777268	1.038694
6594	-295.1629	-380.379	85.21614	1.774865	0.272351	0.727649	0.501448
6600	-289.1332	-374.0626	84.92942	2.061537	0.507342	0.492658	0.5052543
6606	-296.8708	-381.5902	84.71942	2.271532	0.258679	0.741321	0.5052543
6612	-293.0326	-377.9443	84.91172	2.062063	0.250567	0.749433	0.4128479
6618	-292.7233	-377.5902	84.86689	2.111945	0.307907	0.692093	0.4259703
6624	-285.927	-371.2395	85.31253	1.546903	0.269883	0.730117	0.8021117
6630	-286.0081	-370.5668	84.55867	1.931239	0.292259	0.707741	1.179795
6636	-288.997	-373.8693	84.87235	2.117373	0.34838	0.65162	0.4750403
6642	-289.2134	-374.3424	85.12895	1.782484	0.259213	0.740787	0.7268271
6648	-296.469	-381.7625	85.29341	1.395954	0.210914	0.789086	0.9947853
6654	-297.6302	-382.8238	85.19359	1.369123	0.321038	0.678962	1.115273
6660	-284.5781	-369.7318	85.15362	1.409091	0.282238	0.717762	1.115273
6666	-291.8778	-376.969	85.09125	1.6056	0.155393	0.844607	0.9872271
6672	-293.4666	-377.3746	83.90798	1.406185	0.274674	0.725326	2.041952
6678	-299.6067	-384.8748	85.26815	1.469762	0.23781	0.76219	0.9446586
6684	-310.131	-394.2022	84.07119	1.186536	0.238344	0.761656	2.079212
6690	-306.9015	-392.0329	85.1314	1.279941	0.243833	0.756167	1.246629
6696	-306.5758	-391.6067	85.03087	1.959482	0.249421	0.750579	0.518315
6702	-298.0839	-383.1577	85.07386	1.791235	0.277082	0.722918	0.794527
6708	-294.7712	-380.1273	85.35615	1.414148	0.476595	0.523405	0.9094952
6714	-295.3163	-380.6318	85.31544	1.454866	0.39941	0.60059	0.9094952
6720	-299.0108	-384.4527	85.44194	1.271245	0.329196	0.670804	0.9705282
6726	-305.1107	-389.2017	84.091	1.631825	0.346522	0.653478	1.764642
6732	-303.5907	-389.0015	85.41071	1.491507	0.40678	0.59322	0.7412929
6738	-296.0493	-381.0248	84.97544	1.727152	0.3957	0.6043	0.981391
6744	-303.9117	-389.1974	85.28567	1.069672	0.308657	0.691343	1.292819
6750	-293.2898	-377.8088	84.51894	1.3146	0.270048	0.729952	1.686696
6756	-285.7933	-370.7367	84.94342	1.881878	0.206634	0.793366	0.8455461
6762	-296.3782	-380.7784	84.40014	1.543578	0.297394	0.702606	1.607585
6768	-306.8019	-391.4006	84.59864	1.243371	0.269534	0.730466	1.680671
6774	-306.1919	-390.1257	83.93377	1.132608	0.338128	0.661872	2.204034
6780	-303.7585	-387.209	83.4505	1.615879	0.335479	0.664521	2.204034
6786	-298.9736	-383.4901	84.51653	1.309979	0.177472	0.822528	1.691692
6792	-298.3562	-383.4644	85.10826	1.28234	0.245779	0.754221	1.263867
6798	-301.6454	-386.3627	84.7173	1.811376	0.381989	0.618011	1.145788
6804	-292.5843	-377.8253	85.24102	1.441576	0.149212	0.850788	1.001562
6810	-296.9092	-382.2322	85.32308	1.431984	0.266497	0.733503	0.9262321
6816	-289.322	-374.5907	85.26868	1.299995	0.333909	0.666091	1.109861
6822	-293.5202	-378.7916	85.27132	1.572265	0.243244	0.756756	0.8227075
6828	-295.6996	-380.5654	84.8658	1.868579	0.379777	0.620223	0.9483953
6834	-303.3495	-388.0672	84.71764	1.610064	0.414245	0.585755	1.315238
6840	-302.333	-387.2499	84.91694	1.714261	0.215558	0.784442	1.051664
6846	-301.961	-386.9268	84.96576	1.943443	0.368168	0.631832	0.730386
6852	-302.6109	-387.9795	85.36863	1.472243	0.366807	0.633193	0.8261629
6858	-303.4825	-388.7529	85.27049	1.458065	0.199417	0.800583	0.9545343
6864	-310.179	-395.165	84.98604	1.19488	0.221167	0.778833	1.430706
6870	-304.4163	-388.9157	84.49939	1.514694	0.25347	0.74653	1.556143
6876	-302.0134	-386.4974	84.48401	1.165657	0.352173	0.647827	1.815396
6882	-300.0071	-384.9752	84.96812	1.041686	0.22862	0.77138	1.559295
6888	-308.5216	-392.0928	83.5712	0.9769112	0.339266	0.660734	2.532658
6894	-303.1164	-388.2923	85.17592	1.315792	0.401827	0.598173	1.178228
6900	-287.2462	-372.401	85.15484	1.286108	0.323228	0.676772	1.221747
6906	-298.0198	-382.6694	84.64968	1.286108	0.323228	0.676772	1.613336
6912	-288.3155	-372.4373	84.1218	1.119339	0.257421	0.742579	2.090123
6918	-286.5707	-371.5089	84.93824	1.540483	0.314601	0.685399	1.189469
6924	-290.766	-375.3842	84.61817	1.043489	0.422411	0.577589	1.807116
6930	-287.3034	-371.3031	83.99969	1.19514	0.357865	0.642135	2.120489
6936	-289.3373	-373.6729	84.33558	1.361831	0.329091	0.670909	1.782339
6942	-289.1308	-374.2942	85.16341	1.354415	0.230339	0.769661	1.155384
6948	-296.1556	-381.1767	85.02105	1.617192	0.158385	0.841615	1.044941
6954	-294.293	-379.4643	85.17127	1.579437	0.169112	0.830888	0.9309497
6960	-295.4052	-380.542	85.13675	1.593359	0.429195	0.570805	0.9529002
6966	-296.929	-382.1208	85.19186	1.095044	0.246071	0.753929	1.347905
6972	-295.8896	-380.7285	84.83892	0.8162018	0.129548	0.870452	1.811634
6978	-290.062	-375.3245	85.26244	1.410146	0.377357	0.622643	1.011502
6984	-290.7472	-375.4504	84.70319	1.237161	0.455522	0.544478	1.610032
6990	-294.2958	-379.1559	84.86005	1.27715	0.262865	0.737135	1.464097
6996	-292.5592	-377.5805	85.02129	1.543254	0.194122	0.805878	1.113615
7002	-297.392	-382.4214	85.02943	1.604314	0.354016	0.645984	1.049245
7008	-289.9578	-375.0072	85.04938	1.788136	0.244574	0.755426	0.8303903
7014	-293.9833	-378.4673	84.48402	1.936771	0.244574	0.755426	1.238727
7020	-296.4522	-381.2666	84.81441	1.704748	0.39616	0.60384	1.154211
7026	-295.4359	-380.546	85.11008	1.378741	0.184666	0.815334	1.180739
7032	-291.8758	-376.4831	84.6073	1.228984	0.464287	0.535713	1.684743
7038	-292.3434	-376.3957	84.05237	1.071929	0.317289	0.682711	2.166482
7044	-288.0451	-372.5518	84.50674	1.350084	0.2361	0.7639	1.670115
7050	-291.6514	-376.7455	85.09416	1.163421	0.2361	0.7639	1.371094
7056	-288.7557	-373.9242	85.16857	1.214095	0.551761	0.448239	1.270422
7062	-284.4852	-369.7921	85.30685	1.300758	0.511934	0.488066	1.073942
7068	-288.5796	-373.2649	84.6853	1.10692	0.511934	0.488066	1.715957
7074	-296.3744	-381.6768	85.30238	1.516076	0.256564	0.743436	0.8538581
7080	-287.5254	-372.5939	85.06845	1.750005	0.458997	0.541003	0.8538581
7086	-284.2877	-369.1587	84.87097	1.311608	0.278489	0.721511	1.429427
7092	-283.7978	-368.7607	84.96294	2.025746	0.307966	0.692034	0.5349102
7098	-297.102	-382.228	85.12603	1.596939	0.217381	0.782619	0.9603882
7104	-297.6256	-382.7019	85.07631	1.400549	0.214272	0.785728	1.191083
7110	-294.7524	-379.5994	84.84708	2.086693	0.367539	0.632461	0.6887753
7116	-299.2753	-384.3307	85.0554	1.925121	0.242543	0.757457	0.5759702
7122	-289.6735	-374.9069	85.23342	1.747098	0.176593	0.823407	0.5759702
7128	-290.577	-375.8041	85.2271	1.194782	0.2793	0.7207	1.237814
7134	-296.0785	-381.4078	85.32934	1.204255	0.414521	0.585479	1.141419
7140	-288.0159	-372.5474	84.53154	1.352328	0.142914	0.857086	1.650765
7146	-289.6329	-373.7525	84.11963	1.37636	0.544811	0.455189	1.920332
7152	-289.0747	-373.91	84.83535	0.8794497	0.324754	0.675246	1.770238
7158	-296.8456	-382.1746	85.32904	1.518581	0.195723	0.804277	0.817542
7164	-299.1132	-384.0405	84.92728	1.972292	0.405808	0.594192	0.7453289
7170	-299.7249	-385.005	85.28018	1.706805	0.352908	0.647092	0.5462339
7176	-296.5978	-381.7404	85.14259	1.762481	0.352908	0.647092	0.7368758
7182	-301.5913	-386.7797	85.18831	1.792048	0.312898	0.687102	0.4305105
7188	-296.3685	-381.3942	85.02578	1.954578	0.367157	0.632843	0.4305105
7194	-293.2021	-378.6222	85.42006	1.476718	0.216521	0.783479	0.7495479
7200	-288.1668	-373.2537	85.08689	1.293964	0.198649	0.801351	1.271914
7206	-290.6244	-375.8048	85.18041	1.606824	0.305944	0.694056	0.8904402
7212	-289.447	-374.5944	85.14742	1.639822	0.434225	0.565775	0.8904402
7218	-287.086	-371.8523	84.76636	2.020878	0.437247	0.562753	0.8904402
7224	-292.6139	-377.57	84.95611	2.015005	0.239953	0.760047	0.4067882
7230	-293.8415	-378.5857	84.74423	2.226885	0.395857	0.604143	0.4067882
7236	-293.9867	-379.1046	85.11787	1.610965	0.534358	0.465642	0.9542414
7242	-298.4851	-382.6974	84.21229	1.26612	0.309113	0.690887	1.932202
7248	-291.9603	-377.0854	85.12514	1.216873	0.261591	0.738409	1.303664
7254	-302.007	-387.3169	85.30987	1.463675	0.460765	0.539235	0.9058889
7260	-300.2723	-385.2754	85.00308	1.870199	0.236941	0.763059	0.7833496
7266	-301.7492	-386.5105	84.76123	2.113466	0.304706	0.695294	0.7813942
7272	-324.3879	-409.3738	84.98595	1.856112	0.098599	0.901401	0.8246441
7278	-322.2743	-407.1401	84.86584	2.113317	0.387754	0.612246	0.5810081
7284	-302.6071	-387.3975	84.79039	2.197217	0.19396	0.80604	0.5423696
7290	-306.6505	-391.4444	84.7939	1.848142	0.458534	0.541466	1.041289
7296	-304.3243	-389.4627	85.13834	1.74393	0.21055	0.78945	0.7707453
7302	-294.7744	-380.0188	85.24444	1.637829	0.373426	0.626574	0.7707453
7308	-293.6914	-378.367	84.67557	1.378364	0.405303	0.594697	1.526647
7314	-292.2143	-377.3163	85.10202	1.754718	0.194156	0.805844	0.8056717
7320	-298.0979	-383.1666	85.06873	1.743088	0.362394	0.637606	0.861815
7326	-294.1759	-379.4069	85.23109	1.628465	0.405176	0.594824	0.8019492
7332	-294.2246	-379.4544	85.22978	1.713536	0.156182	0.843818	0.6707225
7338	-291.2127	-376.4953	85.2826	1.660709	0.156182	0.843818	0.6707225
7344	-291.0017	-376.2605	85.25887	1.45105	0.185986	0.814014	0.973894
7350	-300.0313	-384.9031	84.87182	2.048199	0.664793	0.335207	0.7127743
7356	-302.3909	-386.8696	84.4787	2.473185	0.528018	0.471982	0.3728595
7362	-309.1187	-394.2567	85.13799	1.198842	0.42141	0.57859	1.307858
7368	-318.769	-403.8595	85.09051	1.310018	0.157556	0.842444	1.255638
7374	-309.6129	-394.7615	85.1486	1.515913	0.533894	0.466106	1.019462
7380	-306.8244	-391.9145	85.09012	1.830689	0.333953	0.666047	0.7114469
7386	-302.5035	-387.5021	84.9986	1.974084	0.351715	0.648285	0.6019257
7392	-297.4592	-382.2902	84.83105	1.420045	0.492208	0.507792	1.376195
7398	-299.0739	-384.1548	85.08089	1.170199	0.351072	0.648928	1.376195
7404	-297.1081	-382.0443	84.93619	1.726443	0.3368	0.6632	1.0213
7410	-292.6774	-377.481	84.8036	1.219405	0.384182	0.615818	1.549563
7416	-299.5847	-384.1995	84.6148	1.01003	0.291914	0.708086	1.832506
7422	-293.8951	-378.965	85.06995	1.690084	0.233593	0.766407	0.9208138
7428	-303.0856	-388.3251	85.23948	1.417685	0.233593	0.766407	1.026643
7434	-295.9823	-380.8244	84.84215	1.112907	0.340385	0.659615	1.599349
7440	-295.0159	-380.0476	85.03167	0.9143372	0.127006	0.872994	1.605923
7446	-295.9452	-380.6189	84.6737	1.272307	0.245636	0.754364	1.605923
7452	-295.0082	-380.1507	85.14248	1.615674	0.394659	0.605341	0.9228654
7458	-292.6769	-377.5841	84.90715	1.598155	0.394659	0.605341	1.166378
7464	-289.9392	-375.2698	85.3306	1.174702	0.385728	0.614272	1.166378
7470	-283.417	-368.6035	85.18652	1.318787	0.35363	0.64637	1.166378
7476	-290.4311	-375.3651	84.93393	1.432617	0.461853	0.538147	1.283668
7482	-306.0199	-388.8591	82.83913	0.7241102	0.376384	0.623616	3.131164
7488	-298.0273	-381.7251	83.69785	0.9522343	0.26838	0.73162	2.468931
7494	-293.4917	-377.9339	84.44222	1.022275	0.291799	0.708201	1.941581
7500	-301.1972	-385.7329	84.53575	1.30346	0.625755	0.374245	1.682666
7506	-289.9591	-375.2077	85.24867	1.417187	0.325189	0.674811	1.01814
7512	-285.461	-370.5523	85.09134	1.785699	0.211869	0.788131	0.778124
7518	-290.3579	-375.8933	85.53533	1.190246	0.303973	0.696027	0.9576605
7524	-285.6687	-370.6742	85.00547	1.375775	0.283938	0.716062	1.271591
7530	-287.4479	-372.5346	85.08666	1.309211	0.343666	0.656334	1.259504
7536	-290.5789	-375.6975	85.11862	1.277254	0.168057	0.831943	1.259504
7542	-293.4296	-378.4439	85.01434	1.446995	0.306307	0.693693	1.204403
7548	-301.985	-386.6298	84.6448	1.390089	0.201739	0.798261	1.54078
7554	-303.9276	-387.9409	84.01329	0.9453314	0.32745	0.67255	2.273407
7560	-297.6946	-382.8232	85.12853	1.173501	0.299035	0.700965	1.33585
7566	-295.6682	-380.8642	85.19594	1.7284	0.176022	0.823978	0.7054506
7572	-310.781	-395.7643	84.98327	0.9744654	0.168293	0.831707	1.597399
7578	-308.4933	-393.4823	84.98904	1.352746	0.245054	0.754946	1.303842
7584	-289.8776	-375.0377	85.16009	1.180693	0.457693	0.542307	1.304659
7590	-302.6347	-387.0847	84.45001	1.291347	0.340374	0.659626	1.751695
7596	-298.3705	-381.9548	83.58434	1.576141	0.340374	0.659626	2.142924
7602	-296.38	-380.5253	84.14524	1.534987	0.340374	0.659626	1.794262
7608	-289.4057	-374.4739	85.0682	1.922617	0.271923	0.728077	0.5100117
7614	-303.9838	-388.8167	84.83283	2.117123	0.32341	0.67659	0.6572739
7620	-301.6188	-386.6107	84.99193	1.991421	0.195033	0.804967	0.5644862
7626	-297.0025	-382.0888	85.08632	1.897067	0.366968	0.633032	0.5643246
7632	-295.2104	-380.1613	84.95095	2.036992	0.652417	0.347583	0.4618341
7638	-292.2349	-377.3647	85.1298	1.669876	0.62961	0.37039	0.8761132
7644	-306.0838	-390.8351	84.75133	1.37663	0.427924	0.572076	1.47111
7650	-297.9743	-382.8643	84.89006	2.091906	0.268199	0.731801	0.4357344
7656	-299.7936	-385.0251	85.23142	1.759375	0.294141	0.705859	0.5105509
7662	-300.9399	-384.2264	83.2865	1.212318	0.350125	0.649875	2.563324
7668	-298.204	-381.4679	83.2639	1.127714	0.431281	0.568719	2.629708
7674	-296.7482	-381.9109	85.16266	1.311733	0.291612	0.708388	1.193203
7680	-296.6644	-381.4749	84.81051	1.935729	0.291612	0.708388	0.9357622
7686	-288.8411	-373.8174	84.97636	2.008189	0.307771	0.692229	0.5590227
7692	-298.4394	-383.5788	85.13937	1.849934	0.229987	0.770013	0.5297812
7698	-298.2735	-383.5491	85.2756	1.260803	0.154555	0.845445	1.13892
7704	-308.9089	-393.6811	84.77217	1.511492	0.356251	0.643749	1.350479
7710	-304.2756	-388.9816	84.70601	1.389772	0.297545	0.702455	1.495376
7716	-302.672	-387.7809	85.10893	1.482529	0.269621	0.730379	1.088961
7722	-299.3781	-384.0225	84.6444	1.398575	0.163024	0.836976	1.534792
7728	-302.2887	-386.9182	84.62951	1.104292	0.29643	0.70357	1.756975
7734	-305.3887	-389.7454	84.35666	1.377145	0.165529	0.834471	1.756975
7740	-297.8833	-382.6776	84.79423	1.183787	0.191858	0.808142	1.582608
7746	-301.4091	-385.9734	84.56431	1.676897	0.353089	0.646911	1.383943
7752	-303.8507	-389.155	85.30434	1.413371	0.373159	0.626841	0.965853
7758	-304.2486	-388.8232	84.57458	1.64956	0.386087	0.613913	1.397269
7764	-301.303	-386.3308	85.02779	1.875712	0.188354	0.811646	0.7392996
7770	-297.3878	-382.3889	85.00116	1.88445	0.161363	0.838637	0.7659594
7776	-299.5221	-384.3086	84.78649	1.692448	0.123012	0.876988	1.189287
7782	-306.4043	-390.8371	84.43286	1.192886	0.325591	0.674409	1.831879
7788	-302.1188	-386.859	84.74025	0.8854898	0.24901	0.75099	1.831879
7794	-303.2475	-387.2276	83.98012	1.053853	0.404973	0.595027	2.224966
7800	-311.2359	-396.0409	84.80502	1.483937	0.197221	0.802779	1.346267
7806	-313.4467	-398.3728	84.9261	1.362984	0.258128	0.741872	1.346172
7812	-292.2153	-377.5285	85.31322	1.315315	0.411411	0.588589	1.054208
7818	-291.0278	-376.3332	85.30548	1.440773	0.414437	0.585563	0.9357484
7824	-290.2951	-375.4011	85.10597	1.399276	0.389197	0.610803	1.16643
7830	-293.958	-379.0376	85.07962	1.451165	0.258831	0.741169	1.143917
7836	-295.4278	-380.835	85.40722	1.19147	0.471538	0.528462	1.082263
7842	-290.8813	-375.0946	84.2133	1.263805	0.182472	0.817528	1.933085
7848	-291.9529	-376.0197	84.06674	0.9640573	0.139036	0.860964	2.227012
7854	-298.6157	-383.3965	84.78085	1.368159	0.296119	0.703881	1.45512
7860	-297.0232	-382.0279	85.00473	1.144273	0.487678	0.512322	1.45512
7866	-297.3626	-381.7166	84.35401	1.52951	0.329444	0.670556	1.651013
7872	-304.2498	-389.0436	84.79376	1.063142	0.481567	0.518433	1.670056
7878	-296.9217	-382.0696	85.1479	1.21465	0.195033	0.804967	1.286933
7884	-290.2037	-375.2602	85.05646	1.175629	0.343706	0.656294	1.391073
7890	-291.4058	-376.0955	84.68971	1.249002	0.164785	0.835215	1.611221
7896	-295.3313	-380.125	84.79365	1.049368	0.379294	0.620706	1.679952
7902	-291.2903	-375.0207	83.73045	1.181605	0.194547	0.805453	2.3032
7908	-301.5918	-385.311	83.71925	1.025329	0.692386	0.307614	2.409497
7914	-300.3866	-384.8754	84.48876	1.13442	0.677712	0.322288	1.833644
7920	-288.4587	-373.4326	84.97388	1.431483	0.192816	0.807184	1.251617
7926	-299.41	-384.4341	85.02409	1.145266	0.399941	0.600059	1.439577
7932	-302.2057	-386.7115	84.50581	1.320323	0.449979	0.550021	1.691954
7938	-301.7771	-386.4534	84.67635	1.30716	0.354386	0.645614	1.578588
7944	-303.6138	-387.9741	84.36031	1.637464	0.387583	0.612417	1.568136
7950	-301.7512	-386.9783	85.22716	1.471855	0.463508	0.536492	0.9850316
7956	-297.2741	-382.1934	84.91935	1.754288	0.463508	0.536492	1.010461
7962	-296.5748	-381.9424	85.36763	1.621993	0.442158	0.557842	0.5268212
7968	-294.1519	-379.7507	85.59886	1.280264	0.454966	0.545034	0.7752073
7974	-294.4638	-379.7864	85.32258	1.512415	0.325246	0.674754	0.833554
7980	-297.9665	-383.1774	85.21085	1.779386	0.0702616	0.929738	0.4805315
7986	-296.1769	-381.2541	85.07712	1.087172	0.317448	0.682552	1.443448
7992	-298.2444	-383.204	84.95959	1.627746	0.42833	0.57167	1.09277
7998	-308.3329	-393.4276	85.09468	1.470047	0.334155	0.665845	1.113448
8004	-304.9743	-389.5208	84.54648	1.073966	0.326212	0.673788	1.835522
8010	-300.3745	-385.0299	84.65539	1.404979	0.185933	0.814067	1.52186
8016	-303.2873	-387.9376	84.6503	1.873763	0.344036	0.655964	1.149878
8022	-301.1999	-386.2864	85.08644	1.658756	0.130044	0.869956	0.9368831
8028	-302.338	-387.4116	85.07356	1.465229	0.269205	0.730795	1.136784
8034	-295.8987	-381.1864	85.28765	1.658654	0.133836	0.866164	0.6647719
8040	-291.3972	-376.5462	85.14901	1.607194	0.342931	0.657069	0.9249969
8046	-291.0212	-376.3358	85.31463	1.382969	0.267806	0.732194	0.9864669
8052	-292.6409	-378.0139	85.37306	1.257194	0.267806	0.732194	1.052573
8058	-299.5461	-384.5858	85.03968	1.590569	0.332095	0.667905	1.052573
8064	-297.8937	-383.1491	85.25536	1.605032	0.204449	0.795551	0.8008285
8070	-296.0309	-381.1678	85.13685	1.846526	0.204449	0.795551	0.564367
8076	-292.3837	-377.5004	85.11672	1.846526	0.441676	0.558324	0.6272585
8082	-298.3951	-383.4249	85.02976	1.919479	0.208948	0.791052	0.3690519
8088	-288.6882	-373.6599	84.97178	1.957476	0.37195	0.62805	0.696878
8094	-295.8004	-380.8424	85.04208	1.17356	0.164125	0.835875	1.403878
8100	-285.1955	-369.9936	84.79817	1.168596	0.40219	0.59781	1.590819
8106	-289.8912	-374.8127	84.92153	1.406272	0.328789	0.671211	1.315154
8112	-293.0595	-378.0353	84.97577	1.46438	0.157663	0.842337	1.222417
8118	-290.8972	-375.3726	84.47548	1.333575	0.427812	0.572188	1.704054
8124	-283.4547	-368.5764	85.1217	1.34539	0.354283	0.645717	1.19948
8130	-289.9937	-374.7807	84.78702	1.348107	0.575625	0.424375	1.465676
8136	-292.8969	-377.9797	85.08279	1.681483	0.242007	0.757993	0.9161603
8142	-295.6659	-380.5898	84.92393	1.840347	0.43765	0.56235	0.9161603
8148	-294.8497	-379.8231	84.97344	1.932873	0.211656	0.788344	0.7349337
8154	-296.5665	-381.6736	85.10709	1.88268	0.457662	0.542338	0.525377
8160	-299.4689	-384.3535	84.88457	2.088429	0.437452	0.562548	0.6010055
8166	-300.2469	-384.976	84.72905	2.246926	0.445664	0.554336	0.4182367
8172	-288.4023	-373.0648	84.66243	2.277087	0.260587	0.739413	0.3562308
8178	-293.6167	-378.2339	84.6172	2.331334	0.283574	0.716426	0.3680719
8184	-290.8385	-375.4036	84.56511	2.294342	0.283574	0.716426	0.2853728
8190	-287.8543	-373.05	85.19572	1.698558	0.263176	0.736824	0.753284
8196	-285.7607	-371.1158	85.35508	1.222693	0.224016	0.775984	1.101558
8202	-297.7264	-382.386	84.65954	1.511731	0.364726	0.635274	1.438109
8208	-295.5594	-380.3214	84.76198	1.409286	0.177869	0.822131	1.438109
8214	-293.3916	-378.1511	84.75946	1.411806	0.314573	0.685427	1.438109
8220	-295.2433	-380.2389	84.99561	1.365843	0.217333	0.782667	1.287835
8226	-299.7819	-384.4846	84.70277	1.583145	0.22984	0.77016	1.348686
8232	-294.7442	-379.5959	84.85162	1.325117	0.260786	0.739214	1.433916
8238	-292.1896	-377.1675	84.97791	1.36536	0.243505	0.756495	1.302643
8244	-298.7999	-383.9604	85.16048	1.129948	0.408291	0.591709	1.345101
8250	-299.376	-384.2511	84.87502	1.133644	0.278889	0.721111	1.560131
8256	-300.5872	-385.1572	84.57001	0.8943003	0.278889	0.721111	1.94171
8262	-301.2452	-385.3439	84.09869	1.450455	0.322075	0.677925	1.884282
8268	-298.0918	-383.3401	85.24834	1.500073	0.189972	0.810028	0.9334264
8274	-307.0614	-391.9775	84.91611	2.04018	0.191273	0.808727	0.6435753
8280	-301.9252	-387.0693	85.14411	1.846405	0.342415	0.657585	0.5159664
8286	-295.624	-380.6822	85.05823	1.564663	0.342415	0.657585	1.059557
8292	-295.8602	-381.0014	85.14118	1.146175	0.342415	0.657585	1.347546
8298	-292.4894	-377.6618	85.17244	1.228209	0.478238	0.521762	1.255539
8304	-310.1285	-393.8514	83.72297	1.924315	0.561867	0.438133	1.817045
8310	-302.5013	-387.4465	84.9452	1.670756	0.116975	0.883025	1.066112
8316	-293.6051	-378.702	85.09692	1.768113	0.386773	0.613227	0.7946072
8322	-293.1939	-378.5558	85.36189	1.629125	0.407349	0.592651	0.4995579
8328	-285.953	-371.2669	85.31395	1.571588	0.329457	0.670543	0.7660693
8334	-294.3299	-379.1908	84.86093	2.121429	0.411685	0.588315	0.5686905
8340	-293.6763	-378.4021	84.72584	1.993768	0.164639	0.835361	0.9638789
8346	-300.0438	-385.1364	85.09257	1.896231	0.319115	0.680885	0.4675198
8352	-312.9435	-398.1508	85.20732	1.781486	0.2342	0.7658	0.4675198
8358	-299.8692	-384.942	85.07274	1.91457	0.27847	0.72153	0.5442677
8364	-303.6943	-388.9107	85.21636	1.77371	0.368276	0.631724	0.5219902
8370	-300.9763	-385.7078	84.73155	1.396786	0.187469	0.812531	1.470819
8376	-293.4942	-378.6802	85.1861	1.799467	0.45338	0.54662	0.5540197
8382	-299.2476	-384.3446	85.09701	1.868502	0.226088	0.773912	0.3954264
8388	-295.1346	-379.9035	84.76887	1.365654	0.28752	0.71248	1.466128
8394	-294.5233	-379.5937	85.07042	1.064106	0.28752	0.71248	1.466128
8400	-299.3321	-384.3665	85.03439	1.326611	0.342785	0.657215	1.288199
8406	-296.7451	-381.7393	84.99425	1.162009	0.269019	0.730981	1.449593
8412	-297.4701	-382.6745	85.20448	1.216022	0.377284	0.622716	1.238967
8418	-294.678	-379.806	85.12792	1.469872	0.376205	0.623795	1.083091
8424	-300.3029	-385.509	85.2061	1.212232	0.118629	0.881371	1.240789
8430	-298.6898	-384.01	85.32027	1.327386	0.138226	0.861774	1.035871
8436	-295.6926	-380.054	84.36146	1.366818	0.379212	0.620788	1.760834
8442	-291.4774	-375.9789	84.50149	1.226783	0.379212	0.620788	1.760834
8448	-284.4461	-369.4882	85.04208	1.332895	0.282578	0.717422	1.276752
8454	-295.2818	-380.2532	84.97148	1.771691	0.273968	0.726032	0.9390507
8460	-289.6784	-374.7725	85.09409	1.816043	0.195779	0.804221	0.7289068
8466	-294.4668	-379.6073	85.14049	1.70076	0.411142	0.588858	0.8256812
8472	-298.4152	-383.3091	84.89392	1.592118	0.272945	0.727055	1.18315
8478	-285.4576	-370.7054	85.24787	1.238171	0.281062	0.718938	1.18315
8484	-287.5745	-372.6855	85.11098	1.399782	0.156474	0.843526	1.161592
8490	-296.9695	-381.117	84.14742	1.445091	0.148404	0.851596	1.854677
8496	-300.6743	-385.1842	84.50985	1.326674	0.494454	0.505546	1.68457
8502	-304.8243	-390.1001	85.2758	1.56241	0.313957	0.686043	0.8295161
8508	-303.2281	-388.3255	85.09743	1.708618	0.297022	0.702978	0.8686392
8514	-300.1819	-385.421	85.23911	1.334084	0.391164	0.608836	1.105741
8520	-294.4472	-379.496	85.04879	1.245659	0.321259	0.678741	1.341899
8526	-293.18	-378.1508	84.97074	1.323706	0.19185	0.80815	1.341899
8532	-293.373	-378.0809	84.70789	1.534947	0.244507	0.755493	1.382666
8538	-294.5079	-379.6131	85.10522	1.742965	0.265401	0.734599	0.8168122
8544	-293.665	-378.4478	84.78272	1.590745	0.370523	0.629477	1.277994
8550	-299.3323	-384.6614	85.32912	1.460574	0.460918	0.539082	0.8876387
8556	-295.917	-381.0844	85.16737	1.622318	0.244288	0.755712	0.8876387
8562	-293.8408	-378.6508	84.81001	1.660751	0.244288	0.755712	1.196323
8568	-300.3612	-384.9984	84.63723	1.526749	0.560974	0.439026	1.443691
8574	-292.156	-377.1555	84.99949	1.399361	0.428287	0.571713	1.257029
8580	-298.8316	-383.8206	84.98896	1.560556	0.260665	0.739335	1.127184
8586	-296.2702	-381.2199	84.94965	1.535485	0.505794	0.494206	1.183933
8592	-294.4712	-379.6361	85.16494	1.550434	0.388395	0.611605	0.9682743
8598	-294.6873	-379.5417	84.8544	1.604514	0.382387	0.617613	1.206469
8604	-288.3948	-372.9303	84.53551	1.764894	0.394891	0.605109	1.337149
8610	-290.9545	-375.0554	84.10094	1.231573	0.194972	0.805028	2.029788
8616	-282.8487	-368.0335	85.18478	1.708919	0.410083	0.589917	0.7541442
8622	-287.0775	-372.2006	85.12309	1.595168	0.319285	0.680715	0.9652857
8628	-295.5172	-380.1825	84.66531	1.383033	0.388513	0.611487	1.530802
8634	-290.6439	-375.8034	85.15959	1.528893	0.388513	0.611487	0.9956693
8640	-297.6528	-383.0196	85.36675	1.321729	0.321646	0.678354	0.9956693
8646	-298.6051	-383.6064	85.00129	1.828629	0.183081	0.816919	0.8398556
8652	-288.9146	-374.1715	85.25685	1.573075	0.217372	0.782628	0.8398556
8658	-290.7764	-376.1466	85.37022	1.539621	0.465816	0.534184	0.7293778
8664	-278.9752	-363.9498	84.97457	1.573833	0.531315	0.468685	1.128179
8670	-285.9812	-371.1676	85.18646	1.653094	0.561795	0.438205	0.8278252
8676	-290.9712	-376.0629	85.09164	1.850882	0.469595	0.530405	0.6722673
8682	-287.2512	-372.128	84.87684	1.973904	0.490769	0.509231	0.8135086
8688	-293.9308	-379.3227	85.39185	1.458889	0.182761	0.817239	0.8135086
8694	-290.4842	-375.3985	84.91425	1.625344	0.222555	0.777445	1.136068
8700	-302.1016	-386.2495	84.14785	2.558055	0.277701	0.722299	0.9780117
8706	-292.7209	-377.7276	85.00673	1.912112	0.277701	0.722299	0.714735
8712	-297.8008	-382.9469	85.14605	1.802863	0.277701	0.722299	0.659447
8718	-288.4985	-373.8153	85.31678	1.576458	0.25724	0.74276	0.7548258
8724	-286.5093	-371.5054	84.99612	1.785212	0.25724	0.74276	0.8971479
8730	-298.5777	-383.409	84.83126	1.791263	0.25724	0.74276	1.059907
8736	-299.5854	-384.82	85.23462	1.585567	0.160766	0.839234	0.8517555
8742	-292.4209	-377.8111	85.39027	1.457961	0.363393	0.636607	0.8167533
8748	-296.7187	-382.0107	85.29205	1.566177	0.243061	0.756939	0.8037052
8754	-300.9769	-385.5267	84.54976	1.804377	0.265012	0.734988	1.2938
8760	-297.2765	-382.3926	85.11613	1.45626	0.142868	0.857132	1.106473
8766	-297.7847	-382.8923	85.10757	1.463116	0.165452	0.834548	1.108028
8772	-289.4203	-374.6101	85.18972	1.556898	0.384801	0.615199	0.9353597
8778	-294.8206	-380.1415	85.32085	1.63531	0.337243	0.662757	0.6438617
8784	-296.6306	-381.8877	85.2571	1.652811	0.0618125	0.938187	0.7292658
8790	-295.9495	-381.2185	85.26909	1.438161	0.28502	0.71498	0.9766289
8796	-293.0581	-378.4906	85.43249	1.217536	0.288133	0.711867	1.033578
8802	-296.3362	-381.4533	85.11708	1.552556	0.250186	0.749814	1.01442
8808	-291.8227	-377.2126	85.38989	1.3124	0.209843	0.790157	0.9817038
8814	-296.2249	-381.2433	85.01849	1.336703	0.362349	0.637651	1.292942
8820	-299.649	-384.5842	84.93517	1.297676	0.267919	0.732081	1.390482
8826	-302.676	-387.6617	84.98569	1.698898	0.332556	0.667444	0.9995698
8832	-295.849	-381.1832	85.33415	1.485333	0.213093	0.786907	0.8526135
8838	-291.1707	-375.9963	84.82556	2.101306	0.213093	0.786907	0.7010811
8844	-288.7241	-373.7461	85.02197	1.28488	0.26339	0.73661	1.331993
8850	-287.4226	-372.0683	84.64571	1.743833	0.325917	0.674083	1.264742
8856	-287.9959	-372.78	84.78414	1.354496	0.223417	0.776583	1.46301
8862	-301.0361	-386.3442	85.30803	1.651242	0.518584	0.481416	0.6367643
8868	-297.3331	-381.466	84.13283	1.147418	0.246963	0.753037	2.064364
8874	-294.9055	-380.0398	85.13427	1.232216	0.342966	0.657034	1.283716
8880	-300.766	-385.6789	84.91296	1.370296	0.495999	0.504001	1.350801
8886	-290.329	-375.3657	85.03663	1.408996	0.101422	0.898578	1.21778
8892	-289.9893	-374.5994	84.61004	1.449408	0.483334	0.516666	1.522549
8898	-292.2098	-377.1785	84.96878	1.973013	0.348909	0.651091	0.6736999
8904	-293.1394	-378.061	84.9216	1.592501	0.253965	0.746035	1.158664
8910	-301.5328	-386.7159	85.1831	1.330994	0.157899	0.842101	1.158664
8916	-303.3201	-388.5714	85.25126	1.615687	0.145135	0.854865	0.7920176
8922	-297.0034	-381.9274	84.92403	1.460913	0.26073	0.73927	1.268546
8928	-302.9762	-387.484	84.50776	1.403505	0.15788	0.84212	1.631059
8934	-292.6991	-377.7356	85.0365	1.721018	0.19035	0.80965	0.9235646
8940	-297.2257	-382.6791	85.45342	1.387345	0.221387	0.778613	0.826301
8946	-297.6463	-382.31	84.66365	1.347425	0.167551	0.832449	1.55836
8952	-291.7721	-376.3686	84.59644	1.301234	0.167551	0.832449	1.640848
8958	-301.4451	-386.0498	84.6047	1.29298	0.402009	0.597991	1.640848
8964	-296.3481	-381.3817	85.0336	1.464906	0.215686	0.784314	1.172317
8970	-299.9242	-384.783	84.85881	1.489445	0.332281	0.667719	1.29859
8976	-294.5757	-379.7707	85.19499	1.709432	0.408139	0.591861	0.7378793
8982	-295.0916	-380.2625	85.17088	1.672535	0.384963	0.615037	0.8229342
8988	-290.7931	-375.7651	84.97205	1.184309	0.235462	0.764538	1.449515
8994	-292.5714	-377.3932	84.82175	1.334603	0.444224	0.555776	1.449515
9000	-303.305	-387.8532	84.54821	1.551716	0.418847	0.581153	1.492263
9006	-308.399	-393.3464	84.94738	1.571387	0.317162	0.682838	1.154548
9012	-302.4116	-387.7286	85.31703	1.113201	0.390236	0.609764	1.230796
9018	-295.6142	-379.7095	84.09529	1.706217	0.324391	0.675609	1.709392
9024	-295.686	-380.5791	84.89307	1.355322	0.352122	0.647878	1.378312
9030	-301.6557	-386.4118	84.7561	1.726792	0.340339	0.659661	1.185877
9036	-297.2482	-381.9716	84.72342	1.481031	0.375744	0.624256	1.41255
9042	-300.9601	-385.9685	85.00847	1.506249	0.253013	0.746987	1.158118
9048	-299.1346	-383.7702	84.63562	1.542721	0.296966	0.703034	1.432684
9054	-301.2643	-386.3278	85.06352	1.631937	0.241489	0.758511	0.9886325
9060	-309.5628	-394.1706	84.60781	1.661633	0.0962716	0.903728	1.361743
9066	-299.1481	-384.3219	85.1738	1.635526	0.500248	0.499752	0.8647687
9072	-289.8098	-374.7625	84.95273	1.912591	0.299107	0.700893	0.7942177
9078	-298.6987	-383.5013	84.80266	2.162662	0.450695	0.549305	0.3950599
9084	-298.3668	-382.7757	84.40886	2.395908	0.156246	0.843754	0.2535013
9090	-288.7625	-373.8551	85.09251	1.823986	0.286812	0.713188	0.7186262
9096	-297.2637	-382.1352	84.87149	1.495008	0.295547	0.704453	1.283709
9102	-295.9322	-380.8457	84.91355	1.452949	0.463852	0.536148	1.283709
9108	-302.1774	-387.3071	85.1297	1.324482	0.463415	0.536585	1.210507
9114	-298.6337	-383.5578	84.92413	1.64879	0.551864	0.448136	1.105989
9120	-294.6188	-379.3605	84.74167	1.308508	0.156486	0.843514	1.529445
9126	-293.0256	-377.9134	84.88783	1.395619	0.463222	0.536778	1.350647
9132	-292.7579	-377.8666	85.10864	1.304164	0.463222	0.536778	1.245411
9138	-298.4662	-383.1557	84.68946	1.516975	0.53587	0.46413	1.411014
9144	-295.524	-380.7143	85.19024	1.199712	0.377415	0.622585	1.264405
9150	-298.5396	-382.8233	84.28374	1.217219	0.425601	0.574399	1.916974
9156	-292.3116	-376.3374	84.02584	1.475115	0.264754	0.735246	1.916974
9162	-296.2788	-381.061	84.78213	1.277303	0.229089	0.770911	1.522562
9168	-291.3554	-376.4192	85.06375	1.829488	0.229089	0.770911	0.7548225
9174	-292.6529	-377.8262	85.17324	1.720005	0.328089	0.671911	0.7548225
9180	-291.5582	-376.7539	85.19567	1.720005	0.473694	0.526306	0.7199731
9186	-291.5595	-375.93	84.3705	1.548939	0.0975032	0.902497	1.625167
9192	-288.8177	-374.0184	85.20062	1.460548	0.214613	0.785387	1.022734
9198	-288.2849	-373.2987	85.01383	1.647337	0.237142	0.762858	1.022734
9204	-294.0265	-378.5409	84.5144	2.408621	0.330921	0.669079	0.3375578
9210	-293.5141	-378.2254	84.71131	2.273296	0.160058	0.839942	0.4455174
9216	-294.1699	-378.999	84.82908	1.994186	0.427439	0.572561	0.8480282
9222	-300.2199	-385.5083	85.28842	1.355368	0.160645	0.839355	1.039602
9228	-307.6989	-392.4256	84.72671	1.707102	0.19735	0.80265	1.227772
9234	-304.5667	-389.1679	84.60121	1.832609	0.337393	0.662607	1.227772
9240	-303.035	-388.419	85.38401	1.503833	0.29578	0.70422	0.7627402
9246	-312.2732	-397.2983	85.0251	1.962767	0.153321	0.846679	0.4613628
9252	-306.3744	-390.9489	84.57449	1.846917	0.275299	0.724701	1.238212
9258	-299.1099	-384.1032	84.9932	1.610644	0.275299	0.724701	1.077456
9264	-303.9069	-388.938	85.03108	1.504117	0.444461	0.555539	1.139987
9270	-295.1683	-380.3258	85.1574	1.319417	0.305372	0.694628	1.191112
9276	-292.3481	-375.7964	83.4483	1.293665	0.550946	0.449054	2.411151
9282	-295.4375	-379.842	84.40451	1.558151	0.412866	0.587134	1.593814
9288	-287.3026	-372.4513	85.14863	1.640384	0.276011	0.723989	0.8884093
9294	-287.2421	-372.4294	85.1873	1.719329	0.262294	0.737706	0.7344419
9300	-292.1527	-377.1215	84.96882	1.740399	0.385535	0.614465	0.9746131
9306	-294.2946	-378.9534	84.65882	1.427458	0.158399	0.841601	1.502511
9312	-291.4412	-376.5976	85.15646	0.9999868	0.192024	0.807976	1.449446
9318	-293.0283	-378.0431	85.01478	1.151087	0.250504	0.749496	1.442244
9324	-297.3854	-382.5085	85.12317	1.311607	0.261107	0.738893	1.226964
9330	-297.7917	-382.9761	85.18445	1.250325	0.437601	0.562399	1.226964
9336	-286.4487	-371.5063	85.05757	1.932984	0.558649	0.441351	0.4851013
9342	-284.6622	-369.7467	85.08458	1.905564	0.286696	0.713304	0.5211389
9348	-291.879	-377.3324	85.45332	1.1426	0.268998	0.731002	1.084834
9354	-289.7022	-374.8418	85.13957	1.249572	0.305412	0.694588	1.265071
9360	-289.1063	-373.9129	84.80658	1.577296	0.29377	0.70623	1.269424
9366	-290.5128	-375.1606	84.64785	1.057825	0.29377	0.70623	1.776586
9372	-290.266	-375.1349	84.86895	1.427911	0.395738	0.604262	1.339971
9378	-291.1034	-376.3976	85.29416	1.326778	0.17657	0.82343	1.061409
9384	-290.2313	-375.6476	85.41629	1.558316	0.336902	0.663098	0.596106
9390	-292.6435	-377.5196	84.87611	1.931456	0.25067	0.74933	0.8668544
9396	-290.1047	-375.0776	84.97285	1.834719	0.236216	0.763784	0.8668544
9402	-289.9936	-374.9052	84.9116	1.393215	0.279146	0.720854	1.333619
9408	-295.3152	-378.4803	83.16508	1.131547	0.250939	0.749061	2.6882
9414	-294.3943	-379.1685	84.77414	0.9701359	0.431059	0.568941	1.749646
9420	-298.0216	-382.2902	84.26865	0.9392578	0.384285	0.615715	2.111926
9426	-294.3869	-378.1682	83.78134	1.164236	0.187134	0.812866	2.281764
9432	-298.0938	-381.8888	83.79501	1.71137	0.2194	0.7806	1.913309
9438	-303.6366	-388.3219	84.68531	2.257991	0.2194	0.7806	0.6707468
9444	-294.8496	-380.0774	85.22786	1.725246	0.426596	0.573404	0.6505909
9450	-299.0144	-384.0357	85.02132	1.363518	0.426596	0.573404	1.268632
9456	-297.4887	-382.7013	85.21257	1.697857	0.257672	0.742328	0.7284404
9462	-299.4072	-384.4972	85.08991	1.880791	0.190533	0.809467	0.607662
9468	-297.7608	-382.9789	85.21804	1.386349	0.322751	0.677249	1.07695
9474	-304.007	-389.217	85.20991	1.279929	0.289924	0.710076	1.179858
9480	-311.5654	-396.2442	84.6788	2.197987	0.419647	0.580353	0.7784846
9486	-300.3725	-385.5089	85.13641	1.765067	0.269595	0.730405	0.7424288
9492	-309.2501	-394.139	84.88896	1.489241	0.286349	0.713651	1.274096
9498	-307.3278	-392.2156	84.88777	1.493461	0.309895	0.690105	1.2716
9504	-299.8474	-383.7791	83.93173	1.30964	0.0923991	0.907601	2.08997
9510	-292.9356	-376.875	83.93933	1.033928	0.22275	0.77725	2.264024
9516	-298.8059	-383.4628	84.65692	1.376512	0.343787	0.656213	1.541855
9522	-295.733	-380.6227	84.88969	1.555485	0.49391	0.50609	1.218168
9528	-286.2311	-371.3131	85.08205	1.687909	0.347598	0.652402	0.9098737
9534	-281.3217	-366.4027	85.08096	1.4052	0.16478	0.83522	1.183045
9540	-289.3625	-374.5867	85.22421	1.42608	0.206118	0.793882	1.033323
9546	-287.9016	-373.2203	85.31869	1.632185	0.192302	0.807698	0.6553441
9552	-285.1671	-370.594	85.42688	1.396607	0.356681	0.643319	0.8477528
9558	-291.0799	-376.1498	85.06989	1.187551	0.42974	0.57026	1.371202
9564	-292.5306	-377.7847	85.25404	1.289007	0.147371	0.852629	1.132982
9570	-297.7718	-382.9989	85.22709	1.5117	0.157549	0.842451	0.9437183
9576	-283.8113	-369.1193	85.30803	1.534743	0.143289	0.856711	0.8237401
9582	-289.7358	-375.0438	85.30803	1.534743	0.299267	0.700733	0.8237401
9588	-292.1477	-377.4203	85.27261	1.631016	0.421423	0.578577	0.7391203
9594	-299.4885	-384.3698	84.88123	1.277106	0.261216	0.738784	1.448004
9600	-305.5195	-390.9128	85.39333	1.332633	0.425232	0.574768	0.9572513
9606	-305.7635	-391.0071	85.24358	1.332633	0.184172	0.815828	1.102981
9612	-298.4174	-383.6657	85.24836	1.670944	0.151982	0.848018	0.7139727
9618	-294.0719	-379.2529	85.18098	1.797764	0.307645	0.692355	0.5824628
9624	-302.6476	-387.2912	84.64364	1.410576	0.545712	0.454288	1.526441
9630	-298.0649	-382.7318	84.66694	1.387274	0.136568	0.863432	1.526441
9636	-298.0452	-383.2727	85.22747	1.393262	0.377651	0.622349	1.061604
9642	-298.5622	-383.4284	84.86625	1.690656	0.272699	0.727301	1.120529
9648	-295.7363	-380.6515	84.9152	2.067579	0.153602	0.846398	0.4385427
9654	-295.987	-380.5844	84.59738	2.210027	0.228837	0.771163	0.2548645
9660	-291.6162	-376.3674	84.7512	2.083149	0.421239	0.578761	0.2697191
9666	-299.3534	-384.0328	84.67945	2.281072	0.116861	0.883139	0.3864742
9672	-293.9821	-378.3575	84.37544	2.369346	0.221167	0.778833	0.2259381
9678	-300.4816	-385.458	84.97646	2.000182	0.233611	0.766389	0.4199504
9684	-296.469	-381.827	85.35804	1.591796	0.322848	0.677152	0.6575327
9690	-299.1177	-384.0929	84.97526	1.90447	0.315545	0.684455	0.7743428
9696	-301.9319	-387.0212	85.08929	1.79044	0.316981	0.683019	0.7743428
