Iteration	Posterior	Likelihood	Prior	rate_log_sd	root_freqs[1]	root_freqs[2]	tree_length
0	-298.5973	-382.8515	84.25422	1.406145	0.247418	0.752582	1.808013
6	-293.6345	-378.2893	84.65474	1.302469	0.28784	0.71216	1.597786
12	-291.1986	-376.2758	85.07714	1.75998	0.111727	0.888273	0.8308874
18	-287.7726	-373.0109	85.23834	1.554942	0.245933	0.754067	0.8835147
24	-288.3611	-373.2878	84.92669	1.280276	0.37446	0.62554	1.410609
30	-283.5036	-368.4006	84.897	1.553046	0.380752	0.619248	1.214029
36	-283.7184	-368.8047	85.08631	1.683859	0.387997	0.612003	0.9096468
42	-295.4417	-380.771	85.32937	1.43882	0.322926	0.677074	0.9118427
48	-295.4984	-380.3499	84.85148	1.42687	0.273256	0.726744	1.354692
54	-293.7988	-379.1826	85.38377	1.461565	0.204552	0.795448	0.8204729
60	-292.7142	-377.966	85.2518	1.486029	0.204552	0.795448	0.9447438
66	-293.4424	-378.5986	85.15622	1.525278	0.353971	0.646029	1.002653
72	-290.7664	-375.6528	84.88636	1.795145	0.144986	0.855014	1.002653
78	-292.7609	-377.4583	84.69736	1.71752	0.518414	0.481586	1.243673
84	-293.2947	-377.9683	84.67353	1.738591	0.239324	0.760676	1.245979
90	-292.546	-377.6554	85.10938	1.531472	0.150717	0.849283	1.042433
96	-295.9822	-379.6529	83.6707	0.8177287	0.251224	0.748776	2.569773
102	-294.3465	-377.4118	83.06537	1.432762	0.237834	0.762166	2.563748
108	-294.4388	-379.7329	85.29408	1.424977	0.258378	0.741622	0.9644573
114	-293.9967	-378.8957	84.89907	1.981487	0.225277	0.774723	0.7731726
120	-288.7318	-373.3297	84.59788	1.25447	0.414016	0.585984	1.673305
126	-285.9534	-371.0777	85.12428	1.436539	0.282456	0.717544	1.116989
132	-289.7717	-374.8876	85.11584	1.496056	0.208528	0.791472	1.069923
138	-287.1095	-372.3254	85.21587	1.558803	0.254688	0.745312	0.9046302
144	-290.3029	-375.7562	85.45335	1.422471	0.444804	0.555196	0.7798262
150	-295.0776	-379.4668	84.3892	1.411894	0.153504	0.846496	1.70969
156	-293.6121	-378.3659	84.75381	1.047276	0.208339	0.791661	1.70969
162	-295.8676	-380.2876	84.41998	1.01304	0.417131	0.582869	1.96274
168	-296.8075	-380.9363	84.12883	1.210093	0.420257	0.579743	2.025536
174	-299.5193	-384.281	84.76171	1.327858	0.402355	0.597645	1.500042
180	-297.5729	-382.4099	84.83692	1.536806	0.402355	0.597645	1.277777
186	-297.4435	-382.3407	84.89717	2.083309	0.342323	0.657677	0.4309097
192	-301.6402	-386.8063	85.1661	1.747339	0.447374	0.552626	0.7236053
198	-300.9677	-386.0257	85.05797	1.932085	0.321115	0.678885	0.4784333
204	-303.0896	-387.5623	84.47262	1.603802	0.321115	0.678885	1.509883
210	-297.3606	-382.5465	85.18599	1.153574	0.321115	0.678885	1.305648
216	-297.1629	-382.226	85.06309	1.37027	0.316168	0.683832	1.228157
222	-298.2671	-383.6336	85.36647	1.162678	0.209262	0.790738	1.145368
228	-297.6532	-381.2524	83.59926	1.293893	0.0741003	0.9259	2.315264
234	-298.0551	-381.6172	83.56211	1.286795	0.521485	0.478515	2.343438
240	-302.8865	-386.7454	83.85897	0.9899263	0.122855	0.877145	2.343438
246	-299.0396	-383.9106	84.87101	1.814793	0.154589	0.845411	0.9983592
252	-299.8483	-385.1137	85.2654	1.654557	0.151091	0.848909	0.712874
258	-295.4129	-380.5015	85.0886	1.810286	0.486479	0.513521	0.746372
264	-296.7175	-381.699	84.98152	1.924852	0.272826	0.727174	0.7348467
270	-298.0204	-383.2427	85.22235	1.738502	0.27441	0.72559	0.633061
276	-288.6828	-373.9998	85.31697	1.490118	0.326262	0.673738	0.8674235
282	-286.7772	-371.9234	85.14619	1.487299	0.289521	0.710479	1.049481
288	-281.0806	-366.343	85.2624	1.607689	0.387145	0.612855	0.7877439
294	-287.2847	-372.3908	85.10614	1.523641	0.184571	0.815429	1.053022
300	-289.595	-374.4957	84.90071	1.410735	0.167789	0.832211	1.32831
306	-284.0074	-368.5673	84.55991	1.485971	0.399617	0.600383	1.532633
312	-284.0983	-369.3756	85.27735	1.690814	0.266937	0.733063	0.6146419
318	-288.5176	-373.5967	85.07907	1.760581	0.375929	0.624071	0.8277069
324	-294.8157	-379.9424	85.12678	1.618749	0.511071	0.488929	0.9365312
330	-296.0109	-381.5984	85.58759	1.286464	0.236465	0.763535	0.7822801
336	-294.0069	-379.2482	85.24121	1.524602	0.203498	0.796502	0.9144616
342	-294.8465	-380.1491	85.30258	1.3191	0.203498	0.796502	1.060708
348	-296.4288	-381.6903	85.26147	1.63402	0.268957	0.731043	0.7514701
354	-296.1932	-380.6199	84.42663	1.334828	0.379195	0.620805	1.737603
360	-300.8947	-385.3464	84.45171	1.309753	0.284408	0.715592	1.737603
366	-294.7794	-379.3547	84.57535	1.022029	0.232893	0.767107	1.851348
372	-294.6149	-379.0588	84.44384	1.268898	0.0691325	0.930868	1.771672
378	-288.1329	-373.0994	84.9665	1.431772	0.301267	0.698733	1.257511
384	-291.8753	-376.9259	85.05068	1.431772	0.182481	0.817519	1.186251
390	-285.0594	-370.1062	85.04676	1.435696	0.195535	0.804465	1.186251
396	-290.2507	-375.4825	85.23178	1.757284	0.571554	0.428446	0.5318489
402	-294.7014	-379.8626	85.16116	0.9973377	0.261271	0.738729	1.447883
408	-288.7883	-373.5375	84.74924	1.127429	0.492308	0.507692	1.655922
414	-302.9552	-387.902	84.94678	1.431703	0.33376	0.66624	1.27387
420	-303.0009	-387.6625	84.66167	1.51073	0.492174	0.507826	1.437244
426	-297.6475	-382.559	84.91148	1.429981	0.355365	0.644635	1.304108
432	-291.997	-377.1693	85.17235	1.505652	0.353837	0.646163	1.006135
438	-288.5017	-373.7306	85.22891	1.112236	0.538262	0.461738	1.30436
444	-293.073	-377.7535	84.6805	1.28472	0.450414	0.549586	1.591949
450	-294.618	-379.6206	85.00253	1.358917	0.22423	0.77577	1.287841
456	-298.7915	-383.7042	84.91275	2.070018	0.376631	0.623369	0.4385033
462	-294.2472	-379.5958	85.34861	1.382178	0.423144	0.576856	0.9521921
468	-292.5076	-377.0886	84.58108	1.185249	0.2291	0.7709	1.734185
474	-290.6856	-375.7268	85.04124	1.32251	0.416383	0.583617	1.285958
480	-288.5567	-373.4966	84.93988	1.423868	0.318595	0.681405	1.285958
486	-292.3402	-377.431	85.0908	1.851822	0.617621	0.382379	0.6720766
492	-281.7284	-366.7264	84.99805	1.948157	0.265407	0.734593	0.6649646
498	-286.431	-370.9612	84.53019	1.816456	0.381614	0.618386	1.299902
504	-285.7631	-370.7947	85.03161	1.549044	0.386846	0.613154	1.098911
510	-293.467	-378.2251	84.75811	1.133582	0.255244	0.744756	1.645152
516	-294.0146	-378.4138	84.39922	1.492473	0.114363	0.885637	1.645152
522	-297.6906	-382.7593	85.06873	1.328788	0.25412	0.74588	1.258136
528	-289.9351	-374.8387	84.90367	1.651343	0.270246	0.729754	1.122228
534	-295.5299	-380.2125	84.68266	2.218675	0.221016	0.778984	0.7426417
540	-300.391	-384.7883	84.39734	1.484116	0.411476	0.588524	1.652497
546	-304.9633	-389.5335	84.57018	1.341287	0.419047	0.580953	1.630917
552	-303.5201	-388.4876	84.96746	1.651694	0.475549	0.524451	1.063092
558	-298.7026	-383.3161	84.61349	1.68048	0.251085	0.748915	1.342277
564	-290.9466	-376.0719	85.12533	1.825394	0.366252	0.633748	0.6556531
570	-291.5894	-376.9108	85.32137	1.213888	0.366252	0.633748	1.139934
576	-293.9891	-379.1207	85.13163	1.454918	0.567295	0.432705	1.093494
582	-292.9098	-377.8926	84.98285	1.603699	0.509526	0.490474	1.093494
588	-301.6841	-386.9491	85.26502	1.099296	0.392002	0.607998	1.285495
594	-304.7483	-388.8026	84.05422	1.376366	0.293192	0.706808	1.96437
600	-299.4855	-384.5297	85.04418	1.561893	0.340305	0.659695	1.075375
606	-292.9523	-378.075	85.12268	1.483398	0.547538	0.452462	1.075375
612	-300.6378	-384.4933	83.85548	1.350684	0.36818	0.63182	2.113067
618	-296.1468	-379.2429	83.09615	1.074039	0.305263	0.694737	2.765619
624	-294.3257	-379.408	85.08223	1.534294	0.409047	0.590953	1.065578
630	-294.2354	-379.2705	85.03507	1.750846	0.25653	0.74347	0.891945
636	-293.8724	-378.3263	84.4539	1.135947	0.447063	0.552937	1.856504
642	-286.3233	-370.265	83.94169	1.046885	0.427978	0.572022	2.254184
648	-292.863	-377.8516	84.98861	0.9986613	0.474343	0.525657	1.575837
654	-285.42	-370.4088	84.98877	1.125859	0.402158	0.597842	1.481188
660	-287.4009	-371.4824	84.08145	1.134532	0.283198	0.716802	2.106633
666	-289.2423	-373.5792	84.3369	1.187906	0.501021	0.498979	1.900817
672	-295.4707	-379.5218	84.05115	0.9338807	0.214609	0.785391	2.256464
678	-300.4261	-385.0611	84.63501	1.285135	0.267939	0.732061	1.624654
684	-296.357	-381.1725	84.81548	1.611849	0.477731	0.522269	1.233239
690	-289.3077	-374.1712	84.86347	1.262667	0.457365	0.542635	1.472487
696	-297.0389	-382.3968	85.35788	1.355411	0.443705	0.556295	0.9704244
702	-293.6545	-378.673	85.01858	1.566869	0.366972	0.633028	1.094508
708	-293.0898	-378.5114	85.42159	1.39009	0.366972	0.633028	0.8619779
714	-291.5338	-376.5298	84.99593	1.844586	0.37986	0.62014	0.8266134
720	-298.4896	-383.4166	84.92699	1.913523	0.216329	0.783671	0.8266134
726	-297.1915	-382.0214	84.82995	1.436688	0.354054	0.645946	1.363955
732	-298.8546	-383.9097	85.05506	1.415262	0.169134	0.830866	1.196706
738	-301.0674	-386.4342	85.36673	1.51132	0.191039	0.808961	0.7767077
744	-298.7101	-383.8693	85.15926	1.192805	0.169564	0.830436	1.295495
750	-306.2397	-391.0177	84.77797	0.9445653	0.556016	0.443984	1.764845
756	-300.8352	-385.6368	84.80166	1.242059	0.241065	0.758935	1.534235
762	-308.129	-393.2881	85.15904	1.247391	0.159333	0.840667	1.250725
768	-303.3002	-388.6425	85.34232	1.135683	0.347556	0.652444	1.190089
774	-292.3413	-376.431	84.08967	0.9088389	0.416945	0.583055	2.247799
780	-295.9181	-379.8348	83.91669	1.081825	0.193467	0.806533	2.247799
786	-294.3045	-378.4799	84.17543	1.31379	0.0909966	0.909003	1.924909
792	-301.2043	-386.0286	84.82424	1.259868	0.573331	0.426669	1.504134
798	-296.5596	-380.9889	84.42931	1.500438	0.3447	0.6553	1.617712
804	-296.5601	-381.5025	84.94241	1.356347	0.185102	0.814898	1.338461
810	-292.9552	-378.1243	85.16909	1.396229	0.353626	0.646374	1.112904
816	-299.4977	-384.0345	84.53679	1.149412	0.0771963	0.922804	1.790118
822	-295.9132	-380.5871	84.67393	1.437174	0.264147	0.735853	1.483844
828	-298.1395	-383.033	84.89354	1.480161	0.200183	0.799817	1.277795
834	-292.5189	-377.5055	84.98663	1.432107	0.348997	0.651003	1.240443
840	-298.649	-383.4447	84.7957	1.436535	0.259003	0.740997	1.390957
846	-290.5257	-375.7673	85.24164	1.731894	0.233095	0.766905	0.599391
852	-288.9953	-374.095	85.09972	1.871439	0.322671	0.677329	0.6063644
858	-291.7058	-376.9681	85.26233	1.708825	0.208689	0.791311	0.6063644
864	-288.724	-374.0778	85.35375	1.617407	0.350248	0.649752	0.6063644
870	-289.2226	-374.3729	85.15027	1.573056	0.418446	0.581554	0.9600155
876	-288.0942	-373.1417	85.04754	1.317385	0.224461	0.775539	1.284993
882	-289.6487	-374.516	84.86736	1.183166	0.301288	0.698712	1.529182
888	-289.9521	-374.7022	84.75006	1.300469	0.293888	0.706112	1.529182
894	-292.7525	-377.4046	84.65206	1.222094	0.348985	0.651015	1.657723
900	-290.9337	-375.9957	85.06199	1.239458	0.356239	0.643761	1.336311
906	-296.6861	-381.8249	85.13884	0.9650572	0.385601	0.614399	1.489277
912	-298.3943	-383.3875	84.99318	1.726418	0.0864536	0.913546	0.963895
918	-302.4976	-387.3571	84.85945	1.817457	0.379113	0.620887	1.007224
924	-287.4526	-372.1118	84.65916	2.227204	0.346062	0.653938	0.3047265
930	-291.1011	-375.8072	84.70605	2.224584	0.156107	0.843893	0.3457614
936	-293.3208	-378.1526	84.83179	2.098842	0.228389	0.771611	0.3457614
942	-290.4685	-375.3728	84.90423	1.993951	0.510273	0.489727	0.7474417
948	-286.8348	-371.6029	84.76811	1.822769	0.313963	0.686037	1.089502
954	-289.3584	-374.5299	85.17155	1.670906	0.300985	0.699015	0.8241489
960	-291.0227	-376.1469	85.12413	1.482056	0.232358	0.767642	1.07527
966	-284.7178	-369.573	84.85527	1.633907	0.212731	0.787269	1.180431
972	-286.9118	-371.4472	84.53537	1.433495	0.334467	0.665533	1.589289
978	-289.0354	-373.2211	84.18571	1.783156	0.325421	0.674579	1.589289
984	-284.7456	-369.9899	85.24426	1.175603	0.21538	0.78462	1.239501
990	-289.2762	-373.9468	84.67059	1.26632	0.263595	0.736405	1.612523
996	-300.1582	-383.5194	83.36121	0.9620276	0.21275	0.78725	2.671846
1002	-297.5079	-382.6802	85.17232	1.0522	0.441694	0.558306	1.396972
1008	-290.4441	-375.1972	84.75317	1.041224	0.185036	0.814964	1.714419
1014	-290.401	-375.2926	84.89161	0.9027884	0.298803	0.701197	1.714419
1020	-293.1426	-378.1233	84.98074	0.9064035	0.365946	0.634054	1.648411
1026	-289.5858	-374.2318	84.64604	1.241111	0.197314	0.802686	1.648411
1032	-289.7123	-374.3207	84.60836	1.222335	0.430312	0.569688	1.688715
1038	-291.6376	-376.4364	84.79884	1.071194	0.430312	0.569688	1.660674
1044	-291.5859	-375.9812	84.39531	1.163136	0.415855	0.584145	1.877948
1050	-286.8551	-371.854	84.99889	1.245642	0.258197	0.741803	1.381343
1056	-287.9205	-373.2267	85.30625	1.262561	0.258197	0.741803	1.109738
1062	-288.6817	-373.8249	85.14326	1.441655	0.220624	0.779376	1.095002
1068	-294.9702	-379.6848	84.71461	1.577459	0.333392	0.666608	1.343789
1074	-294.482	-379.4938	85.01177	1.280306	0.359473	0.640527	1.343789
1080	-296.3311	-380.9451	84.61396	1.520767	0.391323	0.608677	1.465973
1086	-291.3032	-376.4168	85.11359	1.747576	0.176942	0.823058	0.7997924
1092	-295.5064	-380.4685	84.96205	1.778316	0.333662	0.666338	0.9420446
1098	-305.3806	-390.4823	85.10174	1.748582	0.190172	0.809828	0.8140584
1104	-301.5965	-386.2739	84.67737	1.63758	0.132471	0.867529	1.325502
1110	-301.6228	-386.9422	85.31945	1.293582	0.336923	0.663077	1.068859
1116	-293.3972	-378.456	85.0588	1.554234	0.444096	0.555904	1.068859
1122	-292.5184	-377.8326	85.31427	1.421586	0.453159	0.546841	0.9468341
1128	-293.7033	-378.5554	84.85216	1.990957	0.380279	0.619721	0.8233125
1134	-286.6347	-371.9166	85.28193	1.56118	0.243351	0.756649	0.8233125
1140	-290.224	-375.3391	85.11511	1.728008	0.294522	0.705478	0.8233125
1146	-296.3792	-380.8828	84.50359	1.438131	0.437843	0.562157	1.609034
1152	-293.2477	-377.9107	84.66302	1.2787	0.253986	0.746014	1.609034
1158	-287.6348	-372.9242	85.28935	1.603968	0.294056	0.705944	0.7547142
1164	-290.8665	-375.7151	84.84855	1.592753	0.294056	0.705944	1.221446
1170	-292.326	-376.9553	84.62928	1.58408	0.096112	0.903888	1.405647
1176	-301.3351	-386.2336	84.89848	1.951061	0.511744	0.488256	0.8150661
1182	-290.9797	-376.265	85.2853	1.509817	0.291891	0.708109	0.8814022
1188	-290.6767	-375.664	84.98724	1.891144	0.178379	0.821621	0.7762489
1194	-300.6012	-385.3926	84.79136	2.191157	0.21274	0.78726	0.5680472
1200	-308.9022	-393.896	84.99376	1.78992	0.282321	0.717679	0.8944828
1206	-302.4337	-386.8424	84.40862	1.362574	0.450396	0.549604	1.730762
1212	-296.4158	-380.671	84.25518	1.295713	0.384648	0.615352	1.883087
1218	-297.3085	-381.9608	84.65232	1.317662	0.287727	0.712273	1.588479
1224	-296.6181	-380.9686	84.35054	1.089923	0.155176	0.844824	1.957746
1230	-290.5914	-375.6324	85.041	1.766492	0.329755	0.670245	0.8669408
1236	-288.5948	-373.7271	85.13225	1.858624	0.265356	0.734644	0.4916604
1242	-291.7272	-376.9797	85.25251	1.284849	0.424419	0.575581	1.138061
1248	-288.9837	-374.0497	85.06598	1.471381	0.101454	0.898546	1.138061
1254	-291.2071	-375.9137	84.70659	1.308334	0.365835	0.634165	1.555522
1260	-291.6247	-376.7867	85.16196	1.223638	0.433121	0.566879	1.267999
1266	-290.9548	-375.9687	85.01387	1.46398	0.237349	0.762651	1.190226
1272	-296.8683	-380.9228	84.05446	1.198193	0.281996	0.718004	2.082551
1278	-298.5772	-382.8366	84.25937	1.274773	0.160884	0.839116	1.894481
1284	-295.2062	-378.6303	83.42404	1.108495	0.277503	0.722497	2.542355
1290	-292.0635	-376.2489	84.18541	1.436729	0.339255	0.660745	1.834354
1296	-295.3729	-379.6952	84.32232	1.733147	0.286751	0.713249	1.525508
1302	-298.2778	-382.7936	84.51574	1.245834	0.163491	0.836509	1.737524
1308	-298.2794	-383.1862	84.9068	1.402481	0.155663	0.844337	1.330046
1314	-299.3936	-384.6455	85.25187	1.534988	0.225326	0.774674	0.8908727
1320	-303.5343	-388.3223	84.78793	1.326253	0.349671	0.650329	1.481527
1326	-307.5499	-392.7233	85.17346	1.766967	0.415668	0.584332	0.6763221
1332	-311.9021	-396.6375	84.73541	1.500116	0.188177	0.811823	1.388389
1338	-302.3425	-386.5964	84.25388	1.474228	0.306881	0.693119	1.760956
1344	-300.2586	-385.3549	85.0963	1.428676	0.25765	0.74235	1.149065
1350	-295.0843	-380.4024	85.31815	1.643907	0.275346	0.724654	0.6301698
1356	-298.2836	-383.3721	85.08852	1.825973	0.21676	0.78324	0.7218917
1362	-305.5832	-390.6094	85.02626	1.204726	0.409392	0.590608	1.391934
1368	-308.7214	-393.8767	85.15538	1.075606	0.163955	0.836045	1.391934
1374	-294.2461	-378.8947	84.64859	1.366492	0.306723	0.693277	1.555405
1380	-292.8563	-377.331	84.47475	1.407412	0.263997	0.736003	1.651989
1386	-290.0713	-374.9288	84.8575	0.8075578	0.359055	0.640945	1.804762
1392	-294.6177	-378.2406	83.62293	1.141163	0.317919	0.682081	2.397181
1398	-298.8037	-383.6783	84.8746	0.7362369	0.197525	0.802475	1.84212
1404	-304.5502	-388.8369	84.28669	1.324143	0.335099	0.664901	1.84212
1410	-303.6431	-388.8542	85.21112	1.599667	0.359756	0.640244	0.8630399
1416	-299.9753	-384.9657	84.99045	1.989674	0.206873	0.793127	0.5774685
1422	-288.2631	-373.2869	85.02376	1.717581	0.172664	0.827336	0.9410007
1428	-300.8402	-385.4834	84.64315	1.655758	0.307507	0.692493	1.338338
1434	-297.1957	-381.2834	84.08771	1.627048	0.279669	0.720331	1.770264
1440	-289.8762	-375.1192	85.24294	1.273488	0.354248	0.645752	1.156613
1446	-298.9319	-382.337	83.40515	1.407075	0.443005	0.556995	2.36672
1452	-295.7835	-379.3085	83.52501	1.287215	0.168232	0.831768	2.36672
1458	-305.7886	-390.0609	84.27232	1.036738	0.412088	0.587912	2.045333
1464	-297.5022	-380.4625	82.96025	1.373785	0.412088	0.587912	2.665203
1470	-300.4435	-384.0296	83.58616	1.361816	0.198336	0.801664	2.280232
1476	-297.7311	-382.6114	84.88029	1.085983	0.179872	0.820128	1.591182
1482	-299.0725	-384.7402	85.6677	0.9897503	0.376082	0.623918	1.026365
1488	-297.3911	-382.3046	84.91352	0.9499307	0.133783	0.866217	1.665378
1494	-300.3139	-385.0861	84.77218	1.469063	0.158129	0.841871	1.383913
1500	-293.9273	-378.9415	85.01424	1.691048	0.230506	0.769494	0.9786387
1506	-301.8544	-385.9295	84.07508	1.16554	0.345416	0.654584	2.090458
1512	-291.9059	-377.1293	85.2234	1.508402	0.412928	0.587072	0.9511198
1518	-301.5707	-386.8559	85.28525	1.36362	0.331833	0.668167	1.034703
1524	-298.9888	-383.841	84.85217	1.506574	0.248213	0.751787	1.29005
1530	-301.6721	-386.7196	85.04756	1.063407	0.234346	0.765654	1.483952
1536	-300.372	-384.4632	84.09125	1.15842	0.277778	0.722222	2.08451
1542	-304.9821	-389.7204	84.73832	2.127029	0.545442	0.454558	0.7941791
1548	-305.42	-390.3117	84.89173	1.994081	0.372046	0.627954	0.7656735
1554	-301.8085	-386.7435	84.93498	2.024446	0.425006	0.574994	0.6364139
1560	-295.8925	-380.8571	84.96465	2.024446	0.433667	0.566333	0.5316083
1566	-296.4715	-381.5673	85.09579	1.408772	0.268513	0.731487	1.167024
1572	-296.7452	-381.7864	85.04116	1.833482	0.265517	0.734483	0.7814696
1578	-296.2555	-381.4926	85.23713	1.610367	0.297726	0.702274	0.8177043
1584	-293.9241	-379.174	85.2499	1.597595	0.29455	0.70545	0.8177043
1590	-301.1204	-384.9274	83.807	0.8514949	0.389203	0.610797	2.463656
1596	-298.1518	-382.0027	83.85088	1.072106	0.30543	0.69457	2.296221
1602	-298.451	-383.2632	84.81212	1.730305	0.155692	0.844308	1.133538
1608	-312.0069	-397.2082	85.20136	1.340573	0.694994	0.305006	1.133982
1614	-298.8736	-384.0649	85.19134	1.158915	0.401921	0.598079	1.296961
1620	-290.8763	-376.1265	85.25023	1.528536	0.391709	0.608291	0.9000333
1626	-296.1468	-381.2004	85.05359	1.004629	0.355848	0.644152	1.52346
1632	-290.9883	-376.1397	85.15136	1.13649	0.346927	0.653073	1.347151
1638	-294.7864	-379.2872	84.50088	1.435617	0.426321	0.573679	1.612821
1644	-291.5433	-376.8948	85.35153	1.607417	0.426321	0.573679	0.6375145
1650	-283.7075	-368.8487	85.14122	1.582332	0.304981	0.695019	0.9597769
1656	-289.3336	-374.673	85.33938	1.637568	0.341894	0.658106	0.5886162
1662	-292.337	-377.2841	84.94711	1.983331	0.168524	0.831476	0.6947807
1668	-291.8192	-377.1782	85.35899	1.424755	0.292334	0.707666	0.8944169
1674	-294.0243	-379.1485	85.12421	1.768091	0.305407	0.694593	0.756205
1680	-296.6714	-381.5909	84.91952	1.97284	0.235362	0.764638	0.3094961
1686	-293.223	-378.2279	85.00489	1.278453	0.287002	0.712998	1.350733
1692	-296.9113	-382.1857	85.27438	1.650502	0.149405	0.850595	0.7045154
1698	-302.7585	-387.6933	84.93472	1.953433	0.327488	0.672512	0.76228
1704	-307.4905	-391.8613	84.37081	1.447647	0.302568	0.697432	1.697402
1710	-307.1806	-391.8651	84.68448	1.451198	0.553531	0.446469	1.465257
1716	-305.3656	-390.3002	84.93464	1.174525	0.557788	0.442212	1.485307
1722	-303.574	-388.5397	84.96572	1.204341	0.150102	0.849898	1.439035
1728	-298.2882	-383.5091	85.2209	1.653289	0.250526	0.749474	0.7820977
1734	-300.424	-385.3612	84.93723	1.546894	0.377978	0.622022	1.184809
1740	-295.7578	-380.685	84.92727	1.669644	0.356205	0.643795	1.08391
1746	-296.6726	-381.7911	85.11846	1.239326	0.34182	0.65818	1.290825
1752	-298.8539	-384.182	85.32819	0.9761784	0.444763	0.555237	1.333981
1758	-292.8366	-377.8636	85.02704	1.50896	0.107856	0.892144	1.139279
1764	-294.613	-379.6054	84.99239	1.98875	0.478887	0.521113	0.573576
1770	-293.7817	-378.635	84.85336	2.02564	0.131235	0.868765	0.7753723
1776	-297.3831	-382.121	84.73791	1.459396	0.140584	0.859416	1.418079
1782	-293.4641	-378.6097	85.14554	1.810303	0.140161	0.859839	0.6445876
1788	-295.3671	-381.0118	85.64461	1.212154	0.184042	0.815958	0.8056377
1794	-287.4438	-372.6777	85.23394	1.473811	0.365562	0.634438	0.9761195
1800	-301.82	-387.2002	85.38017	1.318468	0.365562	0.634438	0.9854112
1806	-311.4929	-395.9031	84.41026	1.109361	0.236591	0.763409	1.904334
1812	-308.0268	-392.8764	84.84963	1.420471	0.387013	0.612987	1.361223
1818	-291.2888	-376.3453	85.05643	1.343791	0.260331	0.739669	1.255892
1824	-284.558	-369.7926	85.23457	1.356376	0.238247	0.761753	1.089436
1830	-291.7018	-377.002	85.30024	1.290708	0.416669	0.583331	1.089436
1836	-298.5894	-383.4953	84.90587	1.129332	0.239887	0.760113	1.540544
1842	-292.0745	-376.6383	84.56378	1.09672	0.241822	0.758178	1.807914
1848	-299.0308	-384.0801	85.04935	1.270085	0.372884	0.627116	1.321895
1854	-290.7187	-375.6152	84.89654	1.638467	0.331474	0.668526	1.140164
1860	-296.4575	-381.4886	85.03108	1.394261	0.332044	0.667956	1.234903
1866	-295.4034	-380.6755	85.27208	1.585407	0.303337	0.696663	0.8046797
1872	-302.6063	-387.4574	84.85106	2.120023	0.286745	0.713255	0.6065698
1878	-306.9431	-391.9989	85.05583	1.566974	0.2746	0.7254	1.059643
1884	-297.9338	-382.4214	84.48754	1.71333	0.24272	0.75728	1.415325
1890	-295.9686	-380.1322	84.16358	1.14561	0.221228	0.778772	2.045242
1896	-295.0287	-379.7608	84.73218	1.168277	0.320931	0.679069	1.638846
1902	-295.1996	-380.2338	85.03417	1.241504	0.232404	0.767596	1.35681
1908	-301.9108	-385.0636	83.15276	0.926794	0.162012	0.837988	2.820814
1914	-289.7851	-374.7301	84.94499	1.139451	0.217606	0.782394	1.503886
1920	-289.0486	-373.8915	84.8429	1.895772	0.233772	0.766228	0.9438432
1926	-287.668	-372.7015	85.03343	1.660636	0.217445	0.782555	0.9900454
1932	-293.7189	-378.1252	84.4063	1.490952	0.128373	0.871627	1.64115
1938	-300.1997	-385.0402	84.84045	1.547891	0.360259	0.639741	1.265736
1944	-300.9647	-386.4263	85.46161	1.371202	0.305968	0.694032	0.8362769
1950	-291.2244	-376.2449	85.02047	1.777224	0.0939488	0.906051	0.8784076
1956	-287.964	-372.7792	84.81515	1.371036	0.252822	0.747178	1.426651
1962	-312.6696	-397.65	84.98049	1.5313	0.392831	0.607169	1.160695
1968	-311.0169	-396.185	85.16802	1.34377	0.392831	0.607169	1.160695
1974	-313.5139	-398.5349	85.02094	1.255957	0.357483	0.642517	1.355844
1980	-311.1658	-396.1345	84.96867	1.426847	0.259021	0.740979	1.259797
1986	-309.829	-394.4732	84.64418	1.891028	0.4157	0.5843	1.139984
1992	-295.7837	-380.9228	85.13914	1.479168	0.310034	0.689966	1.063889
1998	-297.2226	-382.218	84.99539	1.355905	0.310034	0.689966	1.296122
2004	-294.6373	-379.5289	84.8916	1.492496	0.371738	0.628262	1.269239
2010	-290.8968	-376.0902	85.19343	1.420456	0.296512	0.703488	1.068056
2016	-286.8507	-372.2094	85.35868	1.378362	0.0912513	0.908749	0.9455754
2022	-283.2947	-367.9837	84.68899	1.490504	0.234547	0.765453	1.431801
2028	-292.5643	-378.0396	85.47527	1.298061	0.390823	0.609177	0.9061217
2034	-288.9516	-374.1865	85.2349	1.73629	0.295035	0.704965	0.6062783
2040	-295.2928	-380.7505	85.45765	1.188874	0.345955	0.654045	1.036971
2046	-295.4278	-380.7353	85.30749	1.550581	0.206048	0.793952	0.8039134
2052	-295.6797	-380.0561	84.37637	0.7714493	0.445019	0.554981	2.151174
2058	-293.8909	-376.5744	82.68353	0.7178893	0.443051	0.556949	3.227171
2064	-295.1056	-378.6971	83.59153	0.9650001	0.165425	0.834575	2.527411
2070	-287.9962	-373.1396	85.14337	1.346772	0.285682	0.714318	1.179594
2076	-294.9867	-379.912	84.92532	1.722431	0.306039	0.693961	1.035783
2082	-292.1901	-377.2663	85.07618	1.634101	0.26988	0.73012	0.9735166
2088	-287.1897	-371.8982	84.70849	1.706042	0.276695	0.723305	1.243967
2094	-290.9692	-376.15	85.18086	1.771443	0.30275	0.69725	0.6523157
2100	-293.309	-378.3511	85.04213	0.8970536	0.30275	0.69725	1.610877
2106	-289.2486	-374.0767	84.82813	1.111057	0.258103	0.741897	1.610877
2112	-291.4881	-375.9632	84.47509	1.34789	0.516462	0.483538	1.694191
2118	-296.6297	-381.4335	84.80377	1.404245	0.247715	0.752285	1.409791
2124	-295.1098	-379.1	83.9902	1.195288	0.247715	0.752285	2.126599
2130	-299.9079	-384.8997	84.99182	1.083306	0.155682	0.844318	1.510853
2136	-306.2834	-389.6968	83.41347	0.7625531	0.350665	0.649335	2.762058
2142	-305.6242	-390.6153	84.99107	1.996168	0.173237	0.826763	0.5447298
2148	-301.9849	-386.9731	84.98821	1.996168	0.214513	0.785487	0.5598044
2154	-294.6173	-378.607	83.98962	1.173709	0.2437	0.7563	2.141069
2160	-297.2601	-382.4301	85.16999	1.424523	0.307166	0.692834	1.086133
2166	-301.1841	-386.4857	85.30168	1.354771	0.311388	0.688612	1.027345
2172	-296.5633	-381.7961	85.23278	1.195006	0.154511	0.845489	1.232853
2178	-290.1072	-375.0777	84.97045	1.118323	0.231578	0.768422	1.500636
2184	-303.6916	-388.4881	84.79651	1.34508	0.600865	0.399135	1.460762
2190	-294.478	-379.3206	84.84259	1.544055	0.431106	0.568894	1.267135
2196	-295.184	-380.312	85.128	1.688158	0.401412	0.598588	0.8566214
2202	-291.3044	-376.5574	85.25299	1.719793	0.172886	0.827114	0.6016454
2208	-288.5056	-373.2523	84.74667	1.540022	0.373712	0.626288	1.348068
2214	-298.8679	-384.1544	85.28652	1.51968	0.276226	0.723774	0.8684615
2220	-301.7905	-386.4354	84.64491	1.677546	0.261879	0.738121	1.319463
2226	-297.1942	-382.2637	85.06952	1.142654	0.387658	0.612342	1.406568
2232	-291.5107	-376.1333	84.62262	1.306612	0.265574	0.734426	1.618085
2238	-291.8742	-377.0203	85.14608	1.824281	0.150707	0.849293	0.608597
2244	-291.5887	-376.7503	85.16167	1.725703	0.262661	0.737339	0.7634187
2250	-295.4027	-380.5029	85.10019	1.885106	0.294995	0.705005	0.5553559
2256	-292.7407	-378.0535	85.31281	1.661305	0.357388	0.642612	0.5976386
2262	-297.9513	-382.8497	84.89838	1.641763	0.357388	0.642612	1.135575
2268	-297.5381	-382.4298	84.89163	1.56175	0.340464	0.659536	1.211189
2274	-292.3345	-377.3164	84.98187	1.506217	0.281968	0.718032	1.181375
2280	-290.9632	-376.2275	85.26431	1.526411	0.377986	0.622014	0.8864629
2286	-280.5311	-365.7282	85.19712	1.479857	0.322489	0.677511	1.007157
2292	-292.5026	-377.7185	85.21589	1.440376	0.233754	0.766246	1.027521
2298	-286.8716	-371.5602	84.68864	1.100215	0.362272	0.637728	1.718326
2304	-295.8902	-380.1428	84.25257	1.53629	0.276258	0.723742	1.718326
2310	-295.3859	-380.3126	84.92675	2.058019	0.15658	0.84342	0.4461892
2316	-297.6547	-382.5566	84.90189	2.061247	0.252552	0.747448	0.6275142
2322	-305.823	-390.5447	84.72175	1.645767	0.265462	0.734538	1.282874
2328	-299.3114	-382.8378	83.52634	1.47665	0.265462	0.734538	2.244921
2334	-300.7785	-384.8019	84.02336	1.187473	0.473141	0.526859	2.110011
2340	-300.7428	-385.8906	85.14781	1.606813	0.261541	0.738459	0.9267092
2346	-299.7634	-383.8051	84.0417	1.129885	0.261731	0.738269	2.135677
2352	-288.075	-373.6319	85.55691	1.30638	0.512995	0.487005	0.7969549
2358	-290.3079	-375.4368	85.12892	1.762554	0.320096	0.679904	0.7574277
2364	-291.718	-376.6091	84.89114	1.762554	0.161237	0.838763	1.030021
2370	-299.2588	-384.0328	84.77403	1.41704	0.307416	0.692584	1.422886
2376	-303.5754	-388.0678	84.49236	1.242503	0.281454	0.718546	1.756233
2382	-303.2869	-388.1513	84.86445	1.58682	0.202288	0.797712	1.212986
2388	-296.1567	-381.1977	85.04097	1.342629	0.283067	0.716933	1.269652
2394	-297.5368	-380.7738	83.23704	1.458024	0.18511	0.81489	2.440685
2400	-297.7723	-382.2799	84.50763	1.051037	0.349194	0.650806	1.877795
2406	-293.4467	-378.4298	84.98311	1.370938	0.0497282	0.950272	1.293876
2412	-285.1966	-370.6376	85.44108	1.367663	0.308535	0.691465	0.8654608
2418	-287.0683	-372.1899	85.1216	1.383747	0.376684	0.623316	1.166346
2424	-281.8269	-366.5942	84.76726	1.393538	0.336553	0.663447	1.446126
2430	-281.9228	-366.943	85.02022	1.14057	0.363501	0.636499	1.446126
2436	-286.0884	-369.7493	83.66085	1.42676	0.363501	0.636499	2.190293
2442	-286.5131	-370.5383	84.02517	1.110259	0.365811	0.634189	2.159246
2448	-287.3593	-372.8724	85.51316	1.330106	0.434041	0.565959	0.8231245
2454	-303.4387	-388.7525	85.31386	1.589369	0.166602	0.833398	0.7397336
2460	-295.1266	-379.9328	84.8062	2.080411	0.266279	0.733721	0.7645191
2466	-300.2538	-385.5127	85.25882	1.731519	0.234803	0.765197	0.5185133
2472	-298.8493	-382.9155	84.06618	1.660791	0.291732	0.708268	1.761749
2478	-295.7584	-380.4519	84.69357	1.126738	0.291732	0.708268	1.696088
2484	-304.1448	-388.7225	84.5777	1.242604	0.30651	0.69349	1.696088
2490	-295.6034	-380.1813	84.57795	1.345096	0.160674	0.839326	1.622556
2496	-296.2146	-380.87	84.65532	1.287586	0.241815	0.758185	1.608174
2502	-302.2951	-387.0961	84.80099	0.995406	0.271452	0.728548	1.71301
2508	-309.5984	-395.0185	85.42018	1.190921	0.163424	0.836576	1.070673
2514	-302.566	-387.8067	85.2407	1.619922	0.267274	0.732726	0.8005178
2520	-292.6311	-376.9888	84.35771	1.075742	0.337997	0.662003	1.962447
2526	-295.4152	-380.1619	84.74665	1.486831	0.254595	0.745405	1.389988
2532	-292.6342	-377.3705	84.73626	1.12555	0.254595	0.745405	1.666556
2538	-291.7726	-376.302	84.52942	1.33239	0.254595	0.745405	1.666556
2544	-289.3581	-373.9541	84.59593	1.290933	0.133905	0.866095	1.648618
2550	-292.4297	-377.268	84.83832	0.8834647	0.321091	0.678909	1.765369
2556	-290.8783	-375.0998	84.22147	1.578809	0.294982	0.705018	1.710264
2562	-297.9041	-382.1848	84.28069	1.776998	0.252797	0.747203	1.52386
2568	-294.6357	-379.7241	85.08843	1.500239	0.21529	0.78471	1.091541
2574	-301.5497	-386.2438	84.69412	1.39543	0.246893	0.753107	1.500059
2580	-298.9651	-384.0801	85.11499	1.608128	0.300623	0.699377	0.9602292
2586	-300.0946	-385.1063	85.01169	1.646358	0.146813	0.853187	1.025783
2592	-299.9101	-384.9137	85.00356	1.93418	0.234616	0.765384	0.6814291
2598	-299.3343	-384.4432	85.10895	1.478561	0.302574	0.697426	1.092607
2604	-299.5466	-384.3532	84.80666	1.780848	0.425161	0.574839	1.092607
2610	-287.6398	-372.5576	84.91772	1.558845	0.364724	0.635276	1.191329
2616	-299.7713	-384.6968	84.92553	2.016179	0.364724	0.635276	0.6738621
2622	-297.2615	-382.0768	84.8153	2.054421	0.223271	0.776729	0.2923941
2628	-293.8527	-378.6712	84.8185	2.161918	0.257239	0.742761	0.4307225
2634	-293.4422	-378.2353	84.79319	2.122665	0.258806	0.741194	0.3303484
2640	-285.1708	-370.216	85.04519	1.51989	0.31966	0.68034	1.113126
2646	-291.0344	-376.1464	85.11208	1.080954	0.249842	0.750158	1.421374
2652	-293.5494	-378.5197	84.97034	1.910094	0.54317	0.45683	0.7733557
2658	-287.5196	-372.5449	85.02532	1.910094	0.374194	0.625806	0.6857556
2664	-293.9827	-379.372	85.38921	1.302135	0.180177	0.819823	0.9927836
2670	-292.1068	-376.081	83.97421	1.462323	0.257468	0.742532	1.960384
2676	-289.4082	-374.4172	85.00902	1.385873	0.137045	0.862955	1.260317
2682	-299.5637	-384.6019	85.03817	1.356715	0.375393	0.624607	1.260317
2688	-297.5273	-382.5126	84.98532	1.409566	0.32437	0.67563	1.260317
2694	-297.5236	-382.3821	84.85852	1.43136	0.348785	0.651215	1.345535
2700	-296.9311	-381.3973	84.46618	1.327272	0.348785	0.651215	1.715084
2706	-290.4777	-375.5565	85.07877	1.317554	0.348785	0.651215	1.259125
2712	-290.1153	-375.2142	85.09886	1.612685	0.335642	0.664358	0.972223
2718	-294.1517	-379.1567	85.00499	1.533418	0.185929	0.814071	1.13713
2724	-290.1404	-375.3399	85.19958	1.58873	0.204456	0.795544	0.8892209
2730	-293.7159	-378.6957	84.97976	1.58873	0.184255	0.815745	1.110028
2736	-296.1453	-381.3283	85.18303	1.802897	0.209229	0.790771	0.5521362
2742	-294.1286	-379.4975	85.36889	1.562149	0.344733	0.655267	0.6937138
2748	-300.4942	-385.6226	85.12834	1.85379	0.290345	0.709655	0.436296
2754	-299.8172	-385.0726	85.25536	1.636314	0.339748	0.660252	0.7571343
2760	-301.376	-385.7538	84.37779	2.357626	0.349564	0.650436	0.9473042
2766	-295.8643	-381.1662	85.30193	1.429906	0.404346	0.595654	0.9510882
2772	-294.2821	-379.554	85.27191	1.694287	0.206607	0.793393	0.6198185
2778	-290.0681	-375.4222	85.3541	1.364972	0.323552	0.676448	0.9644389
2784	-289.9044	-374.7684	84.86395	1.107976	0.479968	0.520032	1.587055
2790	-288.3129	-373.2916	84.97869	1.345809	0.388624	0.611376	1.317817
2796	-291.7829	-377.2588	85.47587	1.403034	0.195166	0.804834	0.7755083
2802	-288.962	-374.0539	85.09186	1.804595	0.262929	0.737071	0.750027
2808	-296.8712	-382.1054	85.23422	1.542813	0.286885	0.713115	0.9019802
2814	-292.1901	-377.5318	85.3417	1.498991	0.155841	0.844159	0.8263835
2820	-300.5015	-385.6405	85.13893	1.631001	0.278484	0.721516	0.9099049
2826	-298.8869	-383.3615	84.4746	1.645651	0.52084	0.47916	1.476938
2832	-298.0893	-383.4828	85.39356	1.396544	0.280965	0.719035	0.8871655
2838	-290.5286	-375.2993	84.77071	1.37383	0.528565	0.471435	1.458523
2844	-293.2153	-378.195	84.97969	1.169001	0.361677	0.638323	1.455361
2850	-292.8845	-377.7318	84.84733	1.451324	0.177617	0.822383	1.338541
2856	-292.6191	-376.9111	84.29202	1.193992	0.278164	0.721836	1.927072
2862	-289.6076	-373.8236	84.21607	0.8752249	0.278164	0.721836	2.187905
2868	-293.2138	-377.4028	84.189	1.32751	0.29731	0.70269	1.906447
2874	-290.8083	-375.7952	84.98689	1.606402	0.208552	0.791448	1.087264
2880	-292.2439	-377.1907	84.94679	1.88055	0.136921	0.863079	0.8430355
2886	-287.598	-372.1799	84.58189	2.399975	0.227557	0.772443	0.4353979
2892	-297.5735	-382.7565	85.18295	1.807147	0.149106	0.850894	0.5216847
2898	-290.8253	-375.7911	84.96571	2.013273	0.223694	0.776306	0.4264189
2904	-286.8917	-372.1069	85.21524	1.37551	0.325532	0.674468	1.089619
2910	-293.5956	-379.0636	85.46804	1.355844	0.171903	0.828097	0.8472663
2916	-298.8081	-383.9327	85.12455	1.802694	0.255441	0.744559	0.7004249
2922	-295.1107	-379.6919	84.58123	1.987508	0.337901	0.662099	1.1098
2928	-289.2748	-374.5219	85.2471	1.737607	0.337901	0.662099	0.445924
2934	-285.9146	-370.8791	84.96452	2.025112	0.353625	0.646375	0.5267103
2940	-288.9716	-373.9356	84.96408	2.025901	0.434281	0.565719	0.4776313
2946	-292.5411	-376.9634	84.42228	1.881682	0.432283	0.567717	1.334302
2952	-294.2263	-379.3843	85.15797	1.145988	0.226277	0.773723	1.334302
2958	-295.3182	-380.5281	85.20992	1.079623	0.283239	0.716761	1.345805
2964	-304.2448	-388.33	84.08523	1.245964	0.488654	0.511346	2.030663
2970	-291.366	-376.7038	85.33772	1.374559	0.292921	0.707079	0.9714621
2976	-296.4761	-381.6081	85.13204	1.426293	0.292921	0.707079	1.119233
2982	-289.1705	-373.9959	84.82539	1.516742	0.311337	0.688663	1.303561
2988	-295.4309	-380.5073	85.07636	1.874583	0.134772	0.865228	0.6552114
2994	-293.6366	-378.4483	84.81167	1.906131	0.496905	0.503095	0.9657541
3000	-297.6264	-382.8176	85.19114	1.53264	0.520187	0.479813	0.9595339
3006	-290.294	-375.51	85.21605	1.406043	0.145442	0.854558	1.060313
3012	-294.6278	-379.9122	85.2844	1.280985	0.162456	0.837544	1.112846
3018	-292.6599	-378.0684	85.40849	1.579398	0.409721	0.590279	0.5405647
3024	-290.7896	-376.146	85.3564	1.365231	0.373548	0.626452	0.9617726
3030	-297.6514	-382.836	85.18468	1.706826	0.239071	0.760929	0.7573785
3036	-296.7933	-381.51	84.7167	2.259394	0.139569	0.860431	0.4185436
3042	-298.0211	-382.6939	84.67285	2.259394	0.300623	0.699377	0.3475836
3048	-301.1908	-386.1069	84.91613	2.01611	0.488878	0.511122	0.3475836
3054	-295.9028	-381.1593	85.2565	1.694871	0.402505	0.597495	0.6542913
3060	-301.7525	-386.9757	85.22326	1.529339	0.270063	0.729937	0.9289034
3066	-294.054	-378.965	84.91099	1.507969	0.230152	0.769848	1.240263
3072	-287.651	-372.2347	84.58376	1.835198	0.322584	0.677416	1.240263
3078	-284.955	-369.7901	84.83519	1.869223	0.471916	0.528084	0.9795348
3084	-292.8673	-377.6961	84.82883	1.871069	0.264686	0.735314	0.9841304
3090	-296.675	-382.0523	85.37735	1.60771	0.543872	0.456128	0.556532
3096	-294.7177	-380.0225	85.30476	1.680305	0.111325	0.888675	0.556532
3102	-287.5067	-372.2394	84.73267	1.8247	0.188563	0.811437	1.120105
3108	-284.6172	-369.83	85.21282	1.237313	0.211734	0.788266	1.213954
3114	-290.8237	-375.9413	85.11767	1.105347	0.211734	0.788266	1.398142
3120	-294.5943	-379.7417	85.14743	1.433918	0.288213	0.711787	1.098273
3126	-294.0872	-378.8068	84.71958	1.861772	0.370431	0.629569	1.098273
3132	-294.963	-378.1281	83.16514	1.71819	0.232715	0.767285	2.321526
3138	-291.4158	-376.3851	84.96932	1.511051	0.458168	0.541832	1.188054
3144	-293.6656	-379.1344	85.46876	1.335018	0.458168	0.541832	0.8713154
3150	-297.4692	-382.1863	84.71716	1.410454	0.140626	0.859374	1.471369
3156	-298.765	-382.978	84.21294	1.237855	0.409259	0.590741	1.950799
3162	-298.3722	-383.4468	85.07464	1.312856	0.281224	0.718776	1.266431
3168	-297.7045	-382.9039	85.19933	1.677763	0.298492	0.701508	0.7780503
3174	-294.4168	-379.6295	85.21272	1.600628	0.219167	0.780833	0.8599909
3180	-293.2574	-378.3958	85.13849	1.782223	0.450389	0.549611	0.7116045
3186	-297.8442	-382.2584	84.41416	1.292684	0.450389	0.549611	1.775776
3192	-295.5137	-380.4825	84.96877	1.608255	0.450389	0.549611	1.102242
3198	-293.8749	-378.7045	84.82962	1.374142	0.23885	0.76115	1.41309
3204	-292.2463	-377.0573	84.81099	1.324759	0.176559	0.823441	1.465197
3210	-288.6209	-373.4158	84.79483	1.610408	0.177144	0.822856	1.25172
3216	-286.4776	-371.3901	84.91253	1.474475	0.135493	0.864507	1.266841
3222	-299.8347	-385.0299	85.19524	1.330729	0.294025	0.705975	1.148187
3228	-290.9168	-376.0799	85.16318	1.635676	0.343246	0.656754	0.8770649
3234	-286.9223	-371.9236	85.00128	1.285834	0.402665	0.597335	1.347738
3240	-287.0663	-371.9622	84.89592	1.391194	0.458629	0.541371	1.347738
3246	-281.4961	-366.697	85.20093	1.032646	0.397105	0.602895	1.38991
3252	-293.5157	-378.5785	85.06277	1.636914	0.397105	0.602895	0.9843479
3258	-299.5458	-384.6149	85.06911	1.399079	0.241334	0.758666	1.198534
3264	-299.6655	-384.6649	84.99939	1.387745	0.497955	0.502045	1.26673
3270	-297.2527	-382.1228	84.87004	1.349056	0.265702	0.734298	1.401194
3276	-292.028	-377.1026	85.07458	1.375325	0.258237	0.741763	1.214149
3282	-296.2255	-380.3099	84.08439	1.014616	0.281472	0.718528	2.182903
3288	-292.4146	-376.9285	84.51386	0.9117378	0.373046	0.626954	1.967719
3294	-288.6203	-373.8629	85.24263	1.654081	0.279823	0.720177	0.7496539
3300	-287.3871	-372.4754	85.08824	1.49254	0.399949	0.600051	1.098797
3306	-289.2352	-374.2015	84.96629	1.890787	0.399949	0.600051	0.8052291
3312	-302.4374	-387.049	84.61156	1.942286	0.0958568	0.904143	1.123282
3318	-293.4541	-378.1382	84.68409	2.285605	0.279132	0.720868	0.4037338
3324	-292.6749	-377.9253	85.25039	1.500432	0.512774	0.487226	0.9308275
3330	-293.0967	-378.2062	85.10956	1.499615	0.227254	0.772746	1.072481
3336	-294.9226	-380.0477	85.12505	1.811036	0.422836	0.577164	0.6845036
3342	-292.0563	-377.2912	85.23485	1.701237	0.302134	0.697866	0.6845036
3348	-289.1171	-374.303	85.18592	1.790756	0.277971	0.722029	0.5895227
3354	-284.1575	-369.0155	84.85803	2.1326	0.179214	0.820786	0.4863753
3360	-285.1359	-370.3254	85.18958	1.652649	0.405205	0.594795	0.8244382
3366	-289.8668	-374.3821	84.51532	1.643212	0.405205	0.594795	1.447858
3372	-288.4212	-373.433	85.0118	1.461006	0.191259	0.808741	1.194567
3378	-293.7649	-378.6506	84.88575	1.349446	0.102803	0.897197	1.388644
3384	-291.6812	-376.6261	84.94487	1.45566	0.401684	0.598316	1.255632
3390	-296.2179	-381.2489	85.03098	1.95872	0.308824	0.691176	0.4748603
3396	-300.5063	-385.1364	84.63012	2.19118	0.1966	0.8034	0.8504168
3402	-289.2406	-374.3493	85.10866	1.816603	0.170629	0.829371	0.7038653
3408	-296.1882	-381.1059	84.91767	1.679249	0.301675	0.698325	1.083905
3414	-297.4989	-382.5469	85.048	1.4378	0.193882	0.806118	1.183358
3420	-298.1271	-382.9939	84.86682	1.737205	0.365171	0.634829	1.077289
3426	-300.8943	-385.6695	84.77514	1.439853	0.172219	0.827781	1.404378
3432	-305.1404	-389.5298	84.38938	1.50928	0.177094	0.822906	1.640139
3438	-301.812	-386.9201	85.10809	1.534265	0.301521	0.698479	1.040984
3444	-321.6	-406.5945	84.99459	1.610978	0.158459	0.841541	1.075856
3450	-307.2377	-392.4448	85.20701	1.779636	0.158459	0.841541	0.5482073
3456	-309.5838	-394.8102	85.22635	1.742413	0.195374	0.804626	0.6130163
3462	-303.5072	-388.5892	85.082	1.842564	0.170344	0.829656	0.7050622
3468	-295.6105	-380.8384	85.22795	1.667431	0.319235	0.680765	0.7516402
3474	-297.4916	-382.5709	85.07929	1.526652	0.440806	0.559194	1.075499
3480	-293.1253	-378.2094	85.08414	1.466855	0.308671	0.691329	1.12585
3486	-304.3224	-389.4943	85.1719	1.359662	0.280101	0.719899	1.143224
3492	-298.6383	-383.3573	84.719	1.702185	0.306681	0.693319	1.238392
3498	-290.4108	-374.9837	84.5729	1.48759	0.278553	0.721447	1.521771
3504	-295.5656	-380.1848	84.61918	1.699147	0.317914	0.682086	1.322783
3510	-303.0461	-387.0859	84.03976	0.9511051	0.278921	0.721079	2.252714
3516	-294.0057	-378.4314	84.42575	1.346874	0.0706423	0.929358	1.729756
3522	-292.9926	-377.8914	84.89882	1.013721	0.240072	0.759928	1.63014
3528	-300.1646	-385.3898	85.2252	1.286993	0.302622	0.697378	1.160337
3534	-293.4875	-378.7186	85.23116	1.739056	0.484538	0.515462	0.6090046
3540	-289.1736	-374.4567	85.28309	1.661974	0.186637	0.813363	0.6672655
3546	-303.9274	-386.8617	82.9343	1.282672	0.316435	0.683565	2.737031
3552	-298.6025	-382.6278	84.02535	1.034562	0.210239	0.789761	2.208215
3558	-296.1716	-379.5922	83.42055	0.8532459	0.283005	0.716995	2.702215
3564	-294.2368	-379.1186	84.88178	1.190212	0.19555	0.80445	1.513196
3570	-294.3333	-379.5428	85.20953	1.238654	0.217133	0.782867	1.215608
3576	-305.7765	-390.1101	84.33352	1.350595	0.110029	0.889971	1.791569
3582	-289.6536	-374.6472	84.99359	1.637763	0.3239	0.6761	1.051522
3588	-292.0764	-376.6114	84.53494	1.370147	0.385128	0.614872	1.635512
3594	-292.2538	-376.5085	84.25475	1.18561	0.336005	0.663995	1.957816
3600	-301.5127	-386.8473	85.33456	1.076997	0.425999	0.574001	1.24645
3606	-304.4649	-389.3029	84.83801	2.037135	0.39422	0.60578	0.7807727
3612	-296.958	-381.6751	84.71704	1.893766	0.455276	0.544724	1.070947
3618	-292.2631	-376.5938	84.33067	1.549284	0.381305	0.618695	1.653568
3624	-289.4039	-374.1663	84.76246	2.18768	0.177455	0.822545	0.6568929
3630	-289.9534	-374.9822	85.02876	1.209375	0.413221	0.586779	1.386348
3636	-292.9156	-377.0547	84.13913	1.670519	0.291438	0.708562	1.703636
3642	-292.5587	-377.2133	84.65463	1.504757	0.362657	0.637343	1.447205
3648	-291.4172	-376.5476	85.13038	1.602231	0.453742	0.546258	0.9502724
3654	-291.2522	-376.0343	84.78209	1.452202	0.442966	0.557034	1.389351
3660	-291.7052	-376.8509	85.14565	1.567181	0.568839	0.431161	0.9708987
3666	-291.3187	-376.3833	85.0646	1.496401	0.237941	0.762059	1.116825
3672	-287.7145	-372.8737	85.15927	1.772805	0.320758	0.679242	0.6918451
3678	-300.4208	-385.4544	85.03356	1.898514	0.320758	0.679242	0.6918451
3684	-292.1262	-376.8412	84.71496	1.193831	0.241596	0.758404	1.632845
3690	-291.7014	-376.6941	84.9927	0.7211993	0.14768	0.85232	1.770864
3696	-294.0225	-379.0547	85.03218	0.8272112	0.221052	0.778948	1.668279
3702	-299.3832	-383.1787	83.79552	1.029095	0.422373	0.577627	2.358861
3708	-302.927	-387.5071	84.58017	1.044282	0.409069	0.590931	1.832767
3714	-291.9583	-376.8363	84.87803	1.534959	0.223885	0.776115	1.245255
3720	-287.8669	-373.3251	85.45817	1.401436	0.2619	0.7381	0.8018776
3726	-293.2713	-378.2398	84.96851	1.346753	0.2619	0.7381	1.325249
3732	-292.887	-377.9568	85.06986	1.550649	0.18835	0.81165	1.061817
3738	-300.2915	-384.9775	84.68605	1.465963	0.108288	0.891712	1.452831
3744	-298.3205	-383.4199	85.09941	1.494987	0.214134	0.785866	1.086245
3750	-296.9735	-381.8767	84.90316	1.530202	0.1288	0.8712	1.228155
3756	-299.5891	-384.6365	85.0474	1.18722	0.572027	0.427973	1.389098
3762	-288.2501	-373.0624	84.81232	1.422297	0.185295	0.814705	1.389098
3768	-292.0786	-377.256	85.17735	1.057263	0.31459	0.68541	1.389098
3774	-290.7098	-375.0831	84.3733	1.643595	0.159362	0.840638	1.554073
3780	-297.5985	-382.0983	84.49981	1.458692	0.440042	0.559958	1.596843
3786	-294.4165	-378.9441	84.52764	1.053317	0.168419	0.831581	1.86258
3792	-303.4681	-388.1104	84.64231	0.9386555	0.168419	0.831581	1.86258
3798	-293.6041	-378.795	85.19092	1.171047	0.28083	0.71917	1.287411
3804	-290.8717	-375.9842	85.11251	1.627595	0.310143	0.689857	0.9423244
3810	-300.276	-385.4238	85.14786	1.627595	0.353235	0.646765	0.9037515
3816	-301.0618	-385.4975	84.43568	1.385425	0.353235	0.646765	1.69552
3822	-299.5967	-384.7313	85.13458	1.484773	0.319507	0.680493	1.062905
3828	-302.7916	-386.9161	84.12447	1.751847	0.321377	0.678623	1.656175
3834	-288.7745	-373.5861	84.81168	1.079052	0.388321	0.611679	1.645839
3840	-294.6888	-379.5361	84.84726	0.9916388	0.225225	0.774775	1.682883
3846	-295.8475	-380.3458	84.49828	1.404716	0.479128	0.520872	1.637021
3852	-301.0326	-384.7988	83.76618	1.832011	0.26402	0.73598	1.850788
3858	-294.1534	-378.1457	83.99235	1.634417	0.282468	0.717532	1.831173
3864	-284.7488	-369.0051	84.25634	1.538509	0.282468	0.717532	1.7141
3870	-290.725	-375.1756	84.4506	1.344249	0.36185	0.63815	1.7141
3876	-292.5889	-377.1663	84.57739	1.774604	0.353999	0.646001	1.295547
3882	-289.7464	-374.527	84.78061	2.165871	0.482905	0.517095	0.6644122
3888	-290.0152	-375.0861	85.07083	1.767449	0.490815	0.509185	0.8294386
3894	-298.5762	-383.9775	85.40135	1.577115	0.423555	0.576445	0.5834343
3900	-296.4796	-381.465	84.98547	1.314328	0.238192	0.761808	1.337628
3906	-290.5883	-375.8755	85.28721	1.508965	0.391189	0.608811	0.8801751
3912	-296.1416	-381.6998	85.55825	1.19376	0.270721	0.729279	0.9295451
3918	-297.5983	-382.5418	84.94348	1.309002	0.18206	0.81794	1.375101
3924	-299.2259	-384.1778	84.95196	1.173879	0.18206	0.81794	1.47271
3930	-299.5397	-384.6138	85.07413	1.592381	0.472135	0.527865	1.017495
3936	-300.2738	-384.9672	84.69342	1.914423	0.538269	0.461731	1.073727
3942	-292.5391	-377.5276	84.98847	1.547562	0.359153	0.640847	1.139248
3948	-291.4348	-376.6832	85.24845	1.287584	0.33105	0.66895	1.139248
3954	-296.0981	-381.463	85.36492	1.577899	0.134676	0.865324	0.6716958
3960	-302.0067	-386.7146	84.70788	1.54679	0.257625	0.742375	1.373382
3966	-299.2437	-384.1743	84.93058	1.176198	0.310809	0.689191	1.487108
3972	-305.5225	-390.0206	84.49804	2.027161	0.206837	0.793163	1.148868
3978	-295.1899	-379.7407	84.55079	2.015153	0.290257	0.709743	1.112338
3984	-292.4678	-377.4403	84.9725	1.854049	0.237828	0.762172	0.8440072
3990	-293.4729	-378.4831	85.01019	1.81664	0.497675	0.502325	0.8436598
3996	-293.2419	-378.3481	85.10626	1.830232	0.29478	0.70522	0.683759
4002	-293.7773	-378.577	84.79975	1.614989	0.179931	0.820069	1.243795
4008	-289.8988	-374.5856	84.68687	1.552068	0.141022	0.858978	1.385723
4014	-295.7585	-380.6622	84.90365	1.324723	0.341814	0.658186	1.393971
4020	-293.8566	-378.9641	85.10745	1.447783	0.226286	0.773714	1.122038
4026	-293.2063	-378.1186	84.91227	1.550482	0.238964	0.761036	1.203192
4032	-288.7938	-373.6275	84.83376	1.588119	0.23692	0.76308	1.237815
4038	-295.1686	-380.0075	84.83899	1.645107	0.419055	0.580945	1.184833
4044	-294.8191	-379.7459	84.92683	1.74251	0.202454	0.797546	1.014716
4050	-292.9747	-377.9927	85.01798	1.756548	0.20894	0.79106	0.9047853
4056	-300.4227	-385.5546	85.13195	1.809749	0.459886	0.540114	0.6738659
4062	-297.0167	-382.1641	85.14735	1.507702	0.238411	0.761589	1.028707
4068	-289.7399	-374.6702	84.93027	1.478521	0.303093	0.696907	1.248763
4074	-293.4344	-378.1033	84.6689	1.39987	0.236835	0.763165	1.515603
4080	-293.667	-377.959	84.29199	1.103269	0.436195	0.563805	1.98802
4086	-289.1434	-373.7306	84.58719	1.314839	0.258421	0.741579	1.637715
4092	-292.2231	-376.9615	84.7384	1.06247	0.247551	0.752449	1.709847
4098	-293.0777	-377.3619	84.28425	1.37729	0.336538	0.663462	1.8072
4104	-303.1851	-388.3862	85.20114	1.169642	0.306338	0.693662	1.280194
4110	-302.163	-387.0725	84.90952	1.402724	0.222142	0.777858	1.327674
4116	-297.4299	-382.5123	85.08241	1.228494	0.226778	0.773222	1.328742
4122	-283.6286	-368.82	85.19142	1.516302	0.291311	0.708689	0.9761438
4128	-291.4319	-376.4081	84.97616	1.828503	0.310752	0.689248	0.8702791
4134	-293.4614	-378.4459	84.98443	1.973136	0.178842	0.821158	0.640689
4140	-286.3886	-371.3238	84.93517	1.863506	0.421479	0.578521	0.8772699
4146	-289.1258	-373.8781	84.75234	2.222185	0.305732	0.694268	0.5963718
4152	-291.3748	-375.8508	84.47602	2.460322	0.27859	0.72141	0.6840323
4158	-288.4195	-373.3243	84.9048	1.991261	0.269276	0.730724	0.750621
4164	-291.5057	-376.6319	85.12623	1.387117	0.250678	0.749322	1.159326
4170	-290.1746	-375.2996	85.12501	1.850412	0.143865	0.856135	0.5935582
4176	-289.2907	-374.5357	85.24501	1.669874	0.308021	0.691979	0.7212625
4182	-291.9417	-376.7357	84.79402	2.120857	0.565061	0.434939	0.7212625
4188	-305.3714	-387.6896	82.31816	1.628712	0.181229	0.818771	2.901206
4194	-301.2347	-386.3885	85.15383	1.829606	0.280019	0.719981	0.5640878
4200	-296.3491	-381.2012	84.85213	2.134723	0.129409	0.870591	0.547022
4206	-299.3781	-384.2496	84.87141	2.115442	0.101577	0.898423	0.547022
4212	-297.4752	-382.5341	85.05889	1.897629	0.222463	0.777537	0.6430601
4218	-290.7425	-375.9906	85.24805	1.70847	0.222463	0.777537	0.6430601
4224	-294.4742	-379.5648	85.09061	1.865914	0.181304	0.818696	0.6430601
4230	-288.6047	-373.79	85.18525	1.656902	0.333806	0.666194	0.8245408
4236	-293.018	-378.3812	85.36318	1.418277	0.298341	0.701659	0.8970033
4242	-293.6262	-378.1937	84.56749	1.563807	0.396523	0.603477	1.468579
4248	-298.2288	-383.113	84.88426	1.708055	0.247064	0.752936	1.088174
4254	-302.4327	-387.0431	84.61042	2.158334	0.206967	0.793033	0.9112153
4260	-298.3804	-383.5505	85.17015	1.760485	0.311535	0.688465	0.6944235
4266	-301.6657	-386.6058	84.94014	2.022429	0.217395	0.782605	0.3900283
4272	-295.5958	-380.472	84.87624	2.110437	0.217395	0.782605	0.4549013
4278	-297.1646	-382.3413	85.17669	1.814081	0.219089	0.780911	0.5110894
4284	-288.9627	-373.5345	84.57181	1.417588	0.248879	0.751121	1.574278
4290	-289.0247	-374.0159	84.99124	0.8486506	0.318344	0.681656	1.682177
4296	-301.8122	-386.2003	84.38817	1.451726	0.389873	0.610127	1.682177
4302	-308.9998	-393.9754	84.97554	1.433015	0.225272	0.774728	1.248957
4308	-296.0638	-381.4174	85.35358	1.310417	0.302515	0.697485	1.019962
4314	-296.049	-381.2749	85.22585	1.319571	0.302515	0.697485	1.130852
4320	-299.0316	-384.2376	85.20603	0.8203894	0.511517	0.488483	1.547045
4326	-308.5953	-391.7655	83.17023	0.6485279	0.430338	0.569662	2.97839
4332	-296.8907	-381.3174	84.42672	1.123688	0.302916	0.697084	1.883423
4338	-305.3704	-390.6024	85.23199	0.8998185	0.235591	0.764409	1.46819
4344	-302.2148	-386.3951	84.18035	1.162947	0.404916	0.595084	2.022629
4350	-294.9166	-379.1122	84.19566	1.035687	0.320271	0.679729	2.096554
4356	-296.0705	-381.0416	84.97105	1.359843	0.361381	0.638619	1.312659
4362	-291.6637	-376.4304	84.7667	1.538122	0.35074	0.64926	1.333617
4368	-296.1211	-380.8249	84.70386	1.590532	0.425823	0.574177	1.341941
4374	-290.0853	-374.3738	84.28845	1.385776	0.282092	0.717908	1.798423
4380	-294.4288	-379.1358	84.70702	1.204399	0.478874	0.521126	1.630951
4386	-292.7947	-377.4337	84.639	1.272418	0.433363	0.566637	1.630951
4392	-292.4178	-377.1975	84.7797	1.131719	0.526384	0.473616	1.630951
4398	-292.7072	-377.5085	84.80131	1.110111	0.399466	0.600534	1.630951
4404	-295.1982	-380.0631	84.86482	1.046604	0.399466	0.600534	1.630951
4410	-293.5621	-377.5979	84.0358	1.138792	0.433692	0.566308	2.133718
4416	-296.9533	-382.2181	85.26484	1.459837	0.243977	0.756023	0.9586026
4422	-296.9603	-382.2892	85.3289	1.116634	0.274307	0.725693	1.21786
4428	-299.1306	-382.5492	83.41857	1.075946	0.266251	0.733749	2.565994
4434	-315.0887	-398.9993	83.91061	1.144019	0.370285	0.629715	2.21163
4440	-307.5156	-392.3491	84.83353	0.8728385	0.243421	0.756579	1.776109
4446	-309.1088	-394.0411	84.93229	1.224372	0.379346	0.620654	1.44928
4452	-307.6204	-393.0275	85.40715	0.9369429	0.216415	0.783585	1.301977
4458	-300.2791	-385.9321	85.653	0.9980902	0.333521	0.666479	1.032549
4464	-292.9444	-378.0112	85.06677	1.042748	0.435242	0.564758	1.485042
4470	-299.0379	-383.8529	84.81502	0.8690716	0.251225	0.748775	1.791584
4476	-294.6241	-379.1415	84.51742	1.461408	0.313796	0.686204	1.582016
4482	-297.4382	-382.4476	85.00935	1.502041	0.159913	0.840087	1.16104
4488	-304.0961	-389.1783	85.08218	1.429218	0.119712	0.880288	1.16104
4494	-296.3197	-381.254	84.93427	1.577126	0.194294	0.805706	1.16104
4500	-298.079	-383.3714	85.29241	1.60203	0.145578	0.854422	0.7530446
4506	-306.7613	-391.9764	85.21508	1.721203	0.118266	0.881734	0.6841475
4512	-303.0044	-388.1952	85.19085	1.603714	0.185833	0.814167	0.8820338
4518	-299.7925	-384.8516	85.05908	1.646132	0.420653	0.579347	0.9787215
4524	-298.9025	-383.4319	84.52934	1.64326	0.129164	0.870836	1.437091
4530	-299.2673	-384.1907	84.92346	1.828892	0.291268	0.708732	0.9291738
4536	-294.8497	-379.6901	84.84043	2.14145	0.190817	0.809183	0.5706332
4542	-293.8882	-379.0641	85.17585	1.712344	0.467257	0.532743	0.7622332
4548	-291.8589	-377.0845	85.22561	1.712344	0.461395	0.538605	0.6810215
4554	-298.9737	-383.5262	84.55256	1.535746	0.30286	0.69714	1.500989
4560	-295.3781	-380.5604	85.18228	1.378119	0.29241	0.70759	1.117363
4566	-299.2927	-383.9713	84.67863	1.881776	0.220143	0.779857	1.117363
4572	-299.9076	-385.2478	85.34024	1.42098	0.375486	0.624514	0.9195171
4578	-308.2291	-393.3587	85.12964	1.715861	0.115312	0.884688	0.8202599
4584	-299.6475	-385.0588	85.41134	1.473487	0.202078	0.797922	0.7670877
4590	-297.8818	-383.1517	85.26989	1.280988	0.210479	0.789521	1.125959
4596	-291.6655	-376.6611	84.99556	1.721791	0.210479	0.789521	0.9662264
4602	-295.2004	-380.0534	84.85298	1.177711	0.351323	0.648677	1.543884
4608	-293.4115	-377.7816	84.37011	1.546354	0.276663	0.723337	1.62731
4614	-295.9957	-380.9595	84.9638	1.499898	0.401375	0.598625	1.202382
4620	-299.7883	-384.5396	84.75123	1.202147	0.274052	0.725948	1.600571
4626	-293.54	-378.8489	85.30897	1.541363	0.200216	0.799784	0.8140354
4632	-295.0505	-380.2656	85.21503	1.337843	0.395907	0.604093	1.124166
4638	-293.438	-378.6831	85.24509	1.337843	0.395907	0.604093	1.096821
4644	-290.7665	-375.5051	84.7386	1.462822	0.33277	0.66723	1.414895
4650	-289.5322	-374.3016	84.7694	1.442819	0.313854	0.686146	1.406533
4656	-288.2535	-373.5075	85.25402	1.167644	0.194806	0.805194	1.237996
4662	-292.7578	-377.4608	84.70301	1.50597	0.439789	0.560211	1.409046
4668	-297.2414	-382.3324	85.09102	1.117956	0.188513	0.811487	1.409046
4674	-290.0779	-374.6851	84.60721	1.398592	0.188513	0.811487	1.562241
4680	-283.4751	-368.7172	85.24207	1.221104	0.370364	0.629636	1.202835
4686	-296.995	-380.8068	83.81181	1.091736	0.320737	0.679263	2.308632
4692	-287.5632	-372.4951	84.9319	1.394767	0.303548	0.696452	1.316071
4698	-300.6742	-385.7004	85.02622	1.513661	0.397478	0.602522	1.13581
4704	-289.6303	-374.7093	85.07903	1.460859	0.282673	0.717327	1.13581
4710	-293.6021	-377.1867	83.58463	1.359591	0.296336	0.703664	2.282636
4716	-299.8191	-384.5911	84.77201	1.212502	0.37537	0.62463	1.577857
4722	-299.3199	-384.1589	84.83901	1.1455	0.278455	0.721545	1.577857
4728	-300.7269	-385.5126	84.78572	1.63627	0.254989	0.745011	1.237721
4734	-303.2167	-388.5198	85.30305	1.637342	0.254989	0.745011	0.6763989
4740	-301.8696	-387.2896	85.41995	1.475692	0.231527	0.768473	0.7512504
4746	-301.6741	-386.9607	85.28664	1.533903	0.239244	0.760756	0.8513261
4752	-304.2146	-388.7378	84.52323	1.372831	0.475178	0.524822	1.642006
4758	-300.115	-385.126	85.01098	1.540806	0.586364	0.413636	1.125139
4764	-309.9003	-395.2994	85.39905	1.152738	0.501478	0.498522	1.125139
4770	-304.9642	-389.8459	84.88167	1.670113	0.462725	0.537275	1.125139
4776	-292.399	-377.5507	85.15178	1.400012	0.435734	0.564266	1.125139
4782	-291.0765	-376.0678	84.99133	1.680626	0.323863	0.676137	1.012131
4788	-300.3802	-384.8231	84.44291	1.276884	0.372911	0.627089	1.766757
4794	-289.2845	-374.296	85.01145	0.9863357	0.23929	0.76071	1.568124
4800	-299.92	-384.9995	85.07946	1.854285	0.302755	0.697245	0.6888156
4806	-304.0464	-389.3764	85.33006	1.141481	0.436184	0.563816	1.195656
4812	-299.8242	-384.9115	85.08728	1.902474	0.278751	0.721249	0.4753354
4818	-314.2663	-399.202	84.93577	1.902474	0.435315	0.564685	0.829478
4824	-308.9513	-393.7125	84.76123	0.9578859	0.189616	0.810384	1.767229
4830	-301.2937	-386.4812	85.18752	1.165338	0.156847	0.843153	1.294843
4836	-308.197	-393.182	84.98499	1.495574	0.244885	0.755115	1.187885
4842	-302.7086	-387.8457	85.13713	1.593328	0.326787	0.673213	0.9525338
4848	-300.7738	-385.8116	85.03779	1.41198	0.426861	0.573139	1.214264
4854	-295.9023	-380.988	85.08569	1.551694	0.41219	0.58781	1.045762
4860	-303.4628	-388.6282	85.1654	1.696303	0.385718	0.614282	0.7990777
4866	-304.6634	-390.1175	85.45409	1.440417	0.288119	0.711881	0.7529355
4872	-304.1779	-389.4469	85.26909	1.295468	0.288119	0.711881	1.113601
4878	-290.0028	-374.5721	84.56927	1.378089	0.288119	0.711881	1.604947
4884	-291.8784	-376.5655	84.68707	1.133701	0.396162	0.603838	1.695757
4890	-290.9489	-376.0672	85.11828	1.142484	0.446167	0.553833	1.368585
4896	-297.7872	-383.1768	85.38966	1.31062	0.372581	0.627419	0.9837497
4902	-303.7455	-388.3367	84.59117	1.202425	0.328764	0.671236	1.714982
4908	-293.703	-378.8608	85.15779	1.54699	0.328764	0.671236	0.9791538
4914	-303.5963	-388.5979	85.00153	1.171405	0.331339	0.668661	1.436832
4920	-297.1937	-380.9838	83.79011	0.8963173	0.269681	0.730319	2.446118
4926	-288.1979	-372.8999	84.70199	1.765118	0.267219	0.732781	1.199465
4932	-292.8866	-377.3623	84.47563	1.37031	0.215143	0.784857	1.677872
4938	-294.043	-378.5197	84.47666	1.663682	0.270164	0.729836	1.461714
4944	-301.7009	-386.0821	84.38116	2.585687	0.102766	0.897234	0.6181177
4950	-296.1676	-380.1713	84.0037	2.697674	0.249004	0.750996	0.2092273
4956	-297.889	-382.5424	84.65336	2.155787	0.248544	0.751456	0.255774
4962	-299.0609	-383.685	84.62408	2.155787	0.267838	0.732162	0.2413093
4968	-296.2236	-380.7737	84.55007	2.416175	0.215281	0.784719	0.3968208
4974	-296.158	-381.1123	84.95428	1.982156	0.175044	0.824956	0.6838684
4980	-297.098	-382.0687	84.97076	2.018655	0.175044	0.824956	0.5288098
4986	-298.3421	-383.4884	85.14631	1.387785	0.239974	0.760026	1.14097
4992	-296.2329	-381.6012	85.36825	1.165845	0.482431	0.517569	1.14097
4998	-291.2187	-376.3082	85.08945	1.065023	0.252451	0.747549	1.450953
5004	-305.4258	-389.7973	84.3715	1.460901	0.21268	0.78732	1.687507
5010	-296.3911	-381.4203	85.02918	1.350621	0.176155	0.823845	1.272783
5016	-298.6694	-383.9576	85.2882	1.447163	0.466248	0.533752	0.9473556
5022	-297.036	-382.1283	85.09229	1.522843	0.360589	0.639411	1.066888
5028	-292.6536	-377.7752	85.12153	1.425414	0.266547	0.733453	1.129493
5034	-295.6613	-380.3263	84.66499	1.175464	0.444266	0.555734	1.681775
5040	-301.5489	-385.2501	83.7012	1.69714	0.329409	0.670591	1.985963
5046	-293.6681	-378.7413	85.07321	1.204177	0.449174	0.550826	1.355458
5052	-302.4855	-386.2238	83.73829	1.29688	0.283868	0.716132	2.224194
5058	-304.7724	-389.1994	84.42707	1.172414	0.361817	0.638183	1.849902
5064	-300.6842	-385.5589	84.87465	1.555536	0.561269	0.438731	1.230835
5070	-295.9787	-381.2162	85.23755	1.69696	0.30314	0.69686	0.6874256
5076	-298.2708	-383.0906	84.8198	1.291161	0.325952	0.674048	1.483951
5082	-294.5696	-379.0951	84.52542	1.736488	0.364001	0.635999	1.367687
5088	-282.8358	-368.0094	85.17356	1.812685	0.307686	0.692314	0.4527804
5094	-294.6933	-379.999	85.3057	1.684348	0.222837	0.777163	0.4783857
5100	-290.3436	-375.2818	84.93819	2.042512	0.121414	0.878586	0.5752643
5106	-291.7005	-376.5311	84.8306	1.864151	0.265845	0.734155	0.9893531
5112	-291.0193	-376.4947	85.47539	1.143942	0.185539	0.814461	1.062922
5118	-291.8632	-377.2446	85.38138	1.311083	0.159521	0.840479	0.9916614
5124	-301.6234	-386.6403	85.01688	1.931643	0.170555	0.829445	0.6602445
5130	-296.7724	-381.9889	85.21649	1.739592	0.436424	0.563576	0.6440515
5136	-293.5402	-378.5273	84.98719	1.99293	0.245859	0.754141	0.4297851
5142	-296.3809	-381.4291	85.04824	1.908818	0.303594	0.696406	0.6418543
5148	-302.0888	-386.7722	84.68338	2.253221	0.125481	0.874519	0.3526762
5154	-295.5554	-380.1985	84.64314	2.253221	0.367257	0.632743	0.3127924
5160	-296.9339	-381.6123	84.67839	2.22695	0.436829	0.563171	0.3205483
5166	-305.2008	-390.4497	85.24899	1.629718	0.161253	0.838747	0.7757926
5172	-294.4344	-379.5401	85.10572	1.772985	0.330139	0.669861	0.7757926
5178	-307.6925	-392.921	85.22848	1.609615	0.330139	0.669861	0.8296639
5184	-301.1566	-386.0012	84.84456	2.028384	0.357209	0.642791	0.7838117
5190	-301.5345	-386.6308	85.09634	1.893988	0.371463	0.628537	0.4817935
5196	-303.8444	-388.8573	85.01286	1.961753	0.225504	0.774496	0.5960807
5202	-296.2563	-381.237	84.9807	1.98814	0.376653	0.623347	0.612806
5208	-293.1055	-378.3063	85.2008	1.710277	0.31078	0.68922	0.7274062
5214	-298.335	-383.5333	85.19826	1.418926	0.217566	0.782434	1.06495
5220	-292.6276	-377.9724	85.34476	1.490288	0.271663	0.728337	0.8334919
5226	-291.8242	-377.2765	85.45228	1.500969	0.147424	0.852576	0.6502814
5232	-290.7503	-375.4378	84.68748	1.650118	0.477755	0.522245	1.307235
5238	-297.1438	-382.1516	85.00775	1.544403	0.593416	0.406584	1.124807
5244	-302.1459	-387.1536	85.00775	1.544403	0.412967	0.587033	1.124807
5250	-292.4315	-377.631	85.19942	1.518536	0.364066	0.635934	0.9655919
5256	-289.9722	-374.9239	84.95169	1.450783	0.297388	0.702612	1.254022
5262	-287.5838	-372.6231	85.03925	1.52522	0.219866	0.780134	1.113674
5268	-291.2758	-376.3278	85.052	1.512473	0.223836	0.776164	1.113674
5274	-285.9907	-371.3166	85.32591	1.319294	0.44096	0.55904	1.038239
5280	-288.4823	-373.4	84.91776	1.17471	0.265835	0.734165	1.497862
5286	-282.1316	-367.4346	85.30296	1.486185	0.228042	0.771958	0.8882668
5292	-291.9233	-376.7805	84.85719	1.749517	0.23561	0.76439	1.074783
5298	-288.8362	-373.5434	84.70717	1.344949	0.23561	0.76439	1.527996
5304	-293.9093	-378.6717	84.76237	1.524486	0.465338	0.534662	1.347944
5310	-295.7947	-380.728	84.93331	1.62836	0.0939519	0.906048	1.116216
5316	-298.4859	-382.2305	83.74464	1.495034	0.265761	0.734239	2.091083
5322	-303.3013	-387.8446	84.54329	1.508391	0.348756	0.651244	1.528326
5328	-309.6532	-391.8504	82.19727	1.117094	0.238482	0.761518	3.278608
5334	-304.3309	-389.338	85.00709	1.487785	0.201232	0.798768	1.175476
5340	-302.3044	-385.6203	83.31588	1.251436	0.377344	0.622656	2.520685
5346	-302.8885	-385.915	83.02645	0.6710962	0.434371	0.565629	3.051051
5352	-305.303	-388.6027	83.29967	0.9104649	0.41158	0.58842	2.741211
5358	-302.0937	-385.7	83.60636	1.214699	0.319542	0.680458	2.361117
5364	-308.4249	-392.1022	83.67725	1.147546	0.25302	0.74698	2.358748
5370	-297.227	-382.3253	85.09829	1.363788	0.25862	0.74138	1.203771
5376	-298.3423	-383.6735	85.33126	1.429325	0.247567	0.752433	0.9202097
5382	-297.9315	-382.3712	84.43961	1.654743	0.253807	0.746193	1.496453
5388	-294.3391	-379.6903	85.35113	1.497039	0.594224	0.405776	0.8168338
5394	-292.1763	-377.1947	85.01845	1.539931	0.24543	0.75457	1.119189
5400	-287.007	-372.2422	85.23511	1.618078	0.226479	0.773521	0.8103271
5406	-295.1279	-380.376	85.24814	1.444935	0.20365	0.79635	0.9910479
5412	-287.5389	-372.0959	84.557	1.25536	0.167123	0.832877	1.701715
5418	-286.4512	-371.1993	84.74815	1.220759	0.153886	0.846114	1.589257
5424	-289.4046	-374.7733	85.36877	1.457387	0.201501	0.798499	0.844491
5430	-291.9001	-376.9846	85.08449	1.811599	0.201501	0.798499	0.7505784
5436	-297.7229	-382.62	84.89705	1.86019	0.221292	0.778708	0.9238598
5442	-299.3856	-384.1976	84.81199	1.613548	0.217307	0.782693	1.234744
5448	-296.1425	-381.2894	85.14693	1.524529	0.329761	0.670239	1.012621
5454	-291.112	-376.3408	85.22886	1.739735	0.394853	0.605147	0.6134815
5460	-289.1312	-373.5714	84.44025	1.479041	0.30289	0.69711	1.625274
5466	-295.4744	-381.0139	85.53954	1.265569	0.235037	0.764963	0.8697552
5472	-297.2654	-382.354	85.08857	1.716539	0.401787	0.598213	0.8697552
5478	-300.373	-385.6434	85.2704	1.603005	0.401787	0.598213	0.7831836
5484	-305.8863	-390.9391	85.05277	1.466476	0.0820946	0.917905	1.154129
5490	-303.6633	-388.4771	84.81381	1.546471	0.398444	0.601556	1.288788
5496	-291.289	-376.2637	84.97471	1.154524	0.182332	0.817668	1.470143
5502	-300.1483	-385.1816	85.0333	1.095934	0.350129	0.649871	1.470143
5508	-293.4014	-377.2995	83.89804	1.195155	0.36322	0.63678	2.186673
5514	-294.2108	-379.5452	85.33445	1.536193	0.352716	0.647284	0.7869824
5520	-289.8325	-374.9788	85.14625	1.406916	0.302143	0.697857	1.1239
5526	-290.3001	-375.2261	84.92607	1.833145	0.431375	0.568625	0.9217103
5532	-292.0576	-377.4751	85.41754	1.498855	0.155091	0.844909	0.7187891
5538	-295.4819	-380.5804	85.09848	1.730808	0.190299	0.809701	0.8406361
5544	-296.6959	-381.7173	85.02146	1.787072	0.184609	0.815391	0.8657161
5550	-293.8355	-379.0245	85.18907	1.787072	0.343694	0.656306	0.591248
5556	-299.3894	-384.0461	84.65668	2.308944	0.323936	0.676064	0.6212932
5562	-293.2239	-378.1348	84.91083	1.649731	0.328406	0.671594	1.11722
5568	-294.1985	-379.2914	85.09284	1.350751	0.236341	0.763659	1.219504
5574	-293.7498	-378.738	84.98819	1.53258	0.206976	0.793024	1.152782
5580	-292.356	-377.5876	85.2316	1.631228	0.43473	0.56527	0.7975753
5586	-299.2486	-383.9286	84.67994	1.801249	0.252762	0.747238	1.187342
5592	-290.6243	-375.654	85.02969	1.683175	0.404423	0.595577	0.970859
5598	-301.3997	-386.5011	85.10136	1.602832	0.404423	0.595577	0.979756
5604	-307.9197	-392.8361	84.91637	1.996187	0.164622	0.835378	0.3271829
5610	-306.5959	-389.9282	83.3323	1.343828	0.319522	0.680478	2.452588
5616	-299.0622	-384.1654	85.10315	1.602767	0.197839	0.802161	0.977996
5622	-298.9429	-383.1179	84.17499	1.700888	0.338477	0.661523	1.65649
5628	-296.0983	-381.2513	85.15303	1.510756	0.243439	0.756561	1.020167
5634	-301.4307	-386.272	84.84122	1.896045	0.254983	0.745017	0.9453392
5640	-299.0819	-384.3965	85.31462	1.612691	0.352833	0.647167	0.7002956
5646	-308.6899	-393.865	85.17509	1.667545	0.768233	0.231767	0.8239173
5652	-293.4364	-378.4431	85.00665	1.92403	0.400683	0.599317	0.6943453
5658	-292.3263	-377.5491	85.22272	1.612655	0.245514	0.754486	0.8330793
5664	-303.7597	-389.139	85.37934	1.18594	0.376649	0.623351	1.112944
5670	-307.0508	-392.4116	85.36083	1.496564	0.285556	0.714444	0.8048043
5676	-305.8868	-390.8372	84.95041	1.417823	0.436067	0.563933	1.28228
5682	-316.0957	-400.5378	84.44214	1.258853	0.136505	0.863495	1.779846
5688	-298.4322	-383.3437	84.91147	1.824233	0.192476	0.807524	0.9470047
5694	-289.8158	-374.0836	84.26773	1.824233	0.347328	0.652672	1.498242
5700	-290.4297	-375.2642	84.8345	1.714778	0.347328	0.652672	1.127399
5706	-291.3308	-376.2667	84.93595	1.642668	0.211312	0.788688	1.100781
5712	-291.9643	-377.0074	85.04311	1.842918	0.269365	0.730635	0.7653671
5718	-281.4327	-366.5658	85.13307	1.842918	0.269365	0.730635	0.5917634
5724	-284.7807	-369.8879	85.10713	1.863016	0.269365	0.730635	0.6092079
5730	-287.0027	-372.3527	85.35002	1.62013	0.374501	0.625499	0.6092079
5736	-298.4679	-383.5324	85.06451	1.550073	0.292705	0.707295	1.067403
5742	-297.246	-382.2271	84.98117	1.15953	0.44927	0.55073	1.461443
5748	-294.8129	-379.5109	84.69796	1.45643	0.246551	0.753449	1.451013
5754	-288.199	-373.0397	84.84069	1.414176	0.287749	0.712251	1.373227
5760	-289.7714	-375.131	85.35956	1.414553	0.353271	0.646729	0.9052518
5766	-287.0848	-372.0346	84.94976	1.869299	0.252592	0.747408	0.8531203
5772	-291.5239	-376.3045	84.7806	2.168739	0.252592	0.747408	0.6585673
5778	-292.5364	-377.4358	84.89947	1.657568	0.396322	0.603678	1.120407
5784	-290.4376	-375.5732	85.13563	1.533785	0.188592	0.811408	1.014636
5790	-290.3203	-374.8635	84.54318	1.762534	0.432737	0.567263	1.332904
5796	-290.8163	-375.5444	84.72811	1.446424	0.502133	0.497867	1.435608
5802	-287.8165	-372.1933	84.37682	1.015259	0.573117	0.426883	1.990145
5808	-289.4091	-374.2989	84.8898	1.418415	0.573117	0.426883	1.330901
5814	-287.7003	-372.4467	84.74637	1.99947	0.152185	0.847815	0.9361894
5820	-288.2183	-373.4256	85.20732	1.697052	0.109386	0.890614	0.7379648
5826	-291.6993	-377.1371	85.43784	1.549043	0.474536	0.525464	0.5468258
5832	-293.6815	-378.876	85.19451	1.590789	0.314894	0.685106	0.8926471
5838	-291.2762	-376.4859	85.20966	1.431958	0.300909	0.699091	1.041692
5844	-289.2752	-374.5131	85.23795	1.562882	0.286387	0.713613	0.8747574
5850	-297.8089	-383.0429	85.23397	1.738238	0.406068	0.593932	0.6033377
5856	-304.6724	-389.5352	84.8628	2.120971	0.261023	0.738977	0.4422348
5862	-297.976	-382.8298	84.85388	2.137016	0.273897	0.726103	0.5075307
5868	-302.3329	-387.3896	85.05673	1.926669	0.281113	0.718887	0.5642643
5874	-303.1064	-387.9973	84.89089	2.05665	0.281113	0.718887	0.662257
5880	-303.3096	-388.0865	84.77693	2.214011	0.463531	0.536469	0.4940738
5886	-291.775	-376.6756	84.90064	1.554376	0.314787	0.685213	1.209796
5892	-291.6948	-376.6379	84.94307	1.650903	0.179338	0.820662	1.086632
5898	-289.9545	-374.9952	85.04065	1.825656	0.168084	0.831916	0.7928955
5904	-294.8159	-379.7602	84.9443	1.771875	0.344498	0.655502	0.9674378
5910	-300.8438	-386.3684	85.52459	1.292971	0.299578	0.700422	0.8549301
5916	-296.8646	-382.2912	85.42664	1.390919	0.26012	0.73988	0.8549301
5922	-296.8445	-382.0315	85.18703	1.630533	0.306251	0.693749	0.8549301
5928	-295.4746	-380.229	84.75437	1.977407	0.498018	0.501982	0.9511444
5934	-295.2798	-379.6443	84.36445	1.389372	0.484674	0.515326	1.742963
5940	-293.879	-378.9019	85.02289	1.527967	0.295171	0.704829	1.125973
5946	-296.3395	-380.4993	84.15975	0.9505943	0.194389	0.805611	2.175548
5952	-294.3464	-379.1656	84.8192	1.084924	0.257376	0.742624	1.636211
5958	-291.2743	-376.5093	85.23503	1.426749	0.409149	0.590851	1.02214
5964	-291.3478	-376.366	85.01815	1.643624	0.244621	0.755379	1.02214
5970	-295.5211	-380.7144	85.19334	1.625218	0.244795	0.755205	0.8537299
5976	-290.5096	-375.7971	85.28749	1.125908	0.244795	0.755205	1.244912
5982	-292.5926	-377.6506	85.05806	1.044954	0.265114	0.734886	1.48994
5988	-287.9278	-372.6914	84.76354	0.9212927	0.191266	0.808734	1.791068
5994	-291.3955	-375.8731	84.47758	1.063557	0.191266	0.808734	1.889728
6000	-294.2311	-378.8573	84.62618	0.9149566	0.296494	0.703506	1.889728
6006	-293.8501	-378.7271	84.87698	1.614069	0.258853	0.741147	1.17881
6012	-291.811	-376.85	85.03895	1.793581	0.536071	0.463929	0.8366207
6018	-294.1004	-379.2007	85.10024	1.793581	0.404918	0.595082	0.7539556
6024	-298.6194	-383.6181	84.99872	1.721971	0.322979	0.677021	0.9627528
6030	-296.3402	-381.4265	85.08634	1.634356	0.21823	0.78177	0.9627528
6036	-302.6561	-387.7091	85.05304	1.91892	0.246772	0.753228	0.4086536
6042	-301.8836	-386.8796	84.99607	1.802758	0.387841	0.612159	0.8770977
6048	-297.7957	-382.7549	84.95929	1.786628	0.196446	0.803554	0.9361055
6054	-289.953	-374.6879	84.73488	1.374378	0.410574	0.589426	1.485237
6060	-285.1367	-369.61	84.47333	1.345074	0.432129	0.567871	1.697435
6066	-294.3739	-378.5758	84.20187	1.427316	0.0980802	0.90192	1.829507
6072	-292.192	-376.4578	84.26577	1.071997	0.46386	0.53614	2.026301
6078	-296.0499	-380.1052	84.0553	1.282473	0.156358	0.843642	2.026301
6084	-295.0251	-380.3439	85.31884	1.522513	0.4127	0.5873	0.8255522
6090	-296.4487	-381.8007	85.35206	1.635616	0.138835	0.861165	0.5419798
6096	-300.401	-385.0268	84.62577	1.500613	0.217982	0.782018	1.472301
6102	-295.3338	-380.0546	84.72081	1.424691	0.31436	0.68564	1.457787
6108	-297.9782	-382.6008	84.62257	1.207541	0.187086	0.812914	1.689129
6114	-299.8044	-383.9088	84.10437	1.352913	0.395918	0.604082	1.94644
6120	-301.3893	-386.5227	85.13338	1.793639	0.427793	0.572207	0.7008118
6126	-298.424	-383.665	85.24098	1.686043	0.395182	0.604818	0.7008118
6132	-295.5234	-380.8423	85.31884	1.659591	0.344881	0.655119	0.5835582
6138	-300.0029	-384.7088	84.70588	1.307069	0.344881	0.655119	1.556982
6144	-297.1333	-382.3	85.16664	1.800897	0.191377	0.808623	0.6162902
6150	-297.7519	-382.7826	85.03072	1.885982	0.214366	0.785634	0.7182861
6156	-295.0317	-380.1114	85.07961	1.837092	0.479067	0.520933	0.7182861
6162	-302.2659	-387.3116	85.04577	1.870931	0.187925	0.812075	0.7182861
6168	-297.2351	-382.5575	85.32238	1.432946	0.451169	0.548831	0.925943
6174	-301.6557	-386.8249	85.16918	1.232678	0.420516	0.579484	1.254532
6180	-298.6277	-383.3768	84.74914	1.715884	0.624732	0.375268	1.20125
6186	-288.2279	-373.4001	85.17224	1.572045	0.23004	0.76996	0.9378614
6192	-288.7701	-373.6859	84.91577	1.909123	0.351569	0.648431	0.8460302
6198	-296.6102	-381.4779	84.86773	1.740054	0.114883	0.885117	1.073782
6204	-295.769	-380.937	85.16797	1.790067	0.148118	0.851882	0.6396287
6210	-297.9094	-382.7239	84.81446	2.143578	0.34515	0.65485	0.6396287
6216	-294.7845	-380.0282	85.24366	1.579671	0.299311	0.700689	0.8479477
6222	-287.4431	-372.5134	85.07035	1.484284	0.362631	0.637369	1.122579
6228	-292.6449	-377.8475	85.20266	1.447494	0.262503	0.737497	1.033452
6234	-292.4155	-377.4646	85.04912	1.24629	0.164805	0.835195	1.34113
6240	-295.0004	-379.5048	84.5044	1.457979	0.212677	0.787323	1.594017
6246	-294.9781	-379.9356	84.95752	1.428713	0.127457	0.872543	1.267473
6252	-303.8073	-389.1109	85.30356	1.483744	0.263989	0.736011	0.8903705
6258	-303.9356	-389.2772	85.34155	1.585336	0.272528	0.727472	0.7010373
6264	-300.2453	-384.6673	84.42202	1.051081	0.339078	0.660922	1.935783
6270	-296.4371	-381.5982	85.16111	1.455479	0.291936	0.708064	1.065511
6276	-299.2967	-384.2232	84.92651	1.466563	0.269294	0.730706	1.261818
6282	-297.0609	-381.8789	84.81798	1.959101	0.15461	0.84539	0.9019284
6288	-291.5148	-376.7212	85.20643	1.77565	0.21847	0.78153	0.5698455
6294	-296.5402	-381.7731	85.23289	1.262711	0.241329	0.758671	1.174847
6300	-301.6033	-386.7289	85.12565	1.494115	0.344019	0.655981	1.062517
6306	-301.8082	-386.8397	85.03145	1.95176	0.194437	0.805563	0.5650611
6312	-316.9428	-401.6279	84.68502	2.286265	0.286352	0.713648	0.4071569
6318	-298.4724	-383.508	85.03557	1.943866	0.331507	0.668493	0.4277325
6324	-298.6763	-383.4313	84.755	0.988982	0.310218	0.689782	1.749857
6330	-291.8482	-377.0326	85.18443	1.644072	0.392625	0.607375	0.8416025
6336	-289.591	-374.9935	85.40245	1.456565	0.218529	0.781471	0.8026629
6342	-298.3813	-383.6213	85.24	1.318998	0.262228	0.737772	1.118634
6348	-302.6169	-387.6697	85.05281	1.89044	0.335104	0.664896	0.6708431
6354	-293.8259	-379.1211	85.29521	1.621312	0.270324	0.729676	0.7185847
6360	-297.1428	-382.1726	85.02977	1.886749	0.307106	0.692894	0.7185847
6366	-300.6343	-385.9951	85.36081	1.555712	0.0750427	0.924957	0.7185847
6372	-301.5371	-386.087	84.54985	1.990032	0.288729	0.711271	1.135808
6378	-297.4148	-382.4044	84.98967	1.990564	0.209979	0.790021	0.5770579
6384	-296.3977	-381.4015	85.00382	1.767768	0.198502	0.801498	0.9080692
6390	-295.0066	-380.0115	85.00495	1.321447	0.225081	0.774919	1.316287
6396	-291.4856	-375.6528	84.16728	1.238768	0.283977	0.716023	1.980809
6402	-294.263	-378.2645	84.00155	1.404493	0.476981	0.523019	1.980809
6408	-282.2662	-366.9269	84.66063	1.388521	0.272741	0.727259	1.530207
6414	-289.2594	-374.2767	85.01734	1.243975	0.384628	0.615372	1.368149
6420	-294.6723	-379.1623	84.48999	1.309196	0.219714	0.780286	1.711037
6426	-293.7946	-379.1907	85.39606	1.296484	0.219714	0.780286	0.9915805
6432	-299.4478	-384.6046	85.15676	1.408344	0.310934	0.689066	1.1131
6438	-311.4855	-396.5762	85.09072	1.408344	0.127007	0.872993	1.171831
6444	-300.1115	-384.5347	84.4232	1.710693	0.147852	0.852148	1.46661
6450	-296.516	-381.4459	84.92986	2.055109	0.0929429	0.907057	0.5570036
6456	-298.8754	-384.1041	85.22873	1.479302	0.246331	0.753669	0.9758285
6462	-297.1204	-381.9314	84.81105	1.506325	0.308439	0.691561	1.323549
6468	-298.0628	-383.4284	85.36561	0.9517711	0.448711	0.551289	1.323549
6474	-298.6167	-383.6344	85.01774	1.139014	0.27121	0.72879	1.449216
6480	-295.3649	-380.5165	85.15167	1.539682	0.187711	0.812289	0.9927818
6486	-294.4831	-379.4494	84.96635	1.491193	0.220195	0.779805	1.207641
6492	-302.4377	-386.6123	84.17457	1.776748	0.225683	0.774317	1.602067
6498	-302.6062	-387.7408	85.13458	1.367545	0.410202	0.589798	1.169162
6504	-302.9774	-388.1551	85.17769	1.324433	0.268669	0.731331	1.169162
6510	-298.7548	-384.1846	85.42979	1.536232	0.319826	0.680174	0.6202652
6516	-302.0571	-387.2386	85.1815	1.706651	0.152385	0.847615	0.7622949
6522	-299.2991	-384.299	84.99993	1.840842	0.443362	0.556638	0.8262888
6528	-296.4523	-381.5594	85.1071	1.733673	0.166023	0.833977	0.8262888
6534	-294.9453	-379.958	85.01266	1.797829	0.317525	0.682475	0.8633873
6540	-294.8209	-379.7956	84.9747	2.014324	0.340678	0.659322	0.5322043
6546	-289.2158	-374.5355	85.31962	1.359525	0.461804	0.538196	1.004997
6552	-289.1407	-373.5531	84.41244	1.359525	0.1892	0.8108	1.73022
6558	-290.6569	-375.1104	84.45344	1.412889	0.386385	0.613615	1.663321
6564	-295.7699	-380.3008	84.53085	1.335487	0.282719	0.717281	1.663321
6570	-290.5334	-375.2087	84.67527	1.191064	0.296673	0.703327	1.663321
6576	-294.5165	-378.9996	84.4831	1.400909	0.237047	0.762953	1.650667
6582	-291.5206	-376.2491	84.72843	1.155572	0.283351	0.716649	1.650667
6588	-291.2661	-376.2023	84.93619	1.076326	0.423357	0.576643	1.557295
6594	-289.0871	-373.89	84.8029	1.433806	0.24593	0.75407	1.387468
6600	-292.3734	-376.4673	84.09385	1.223515	0.132551	0.867449	2.039827
6606	-301.2166	-385.7161	84.49955	1.052282	0.410096	0.589904	1.882451
6612	-293.2033	-378.6643	85.46106	1.193626	0.355162	0.644838	1.02906
6618	-296.8922	-381.2165	84.32431	1.159172	0.368237	0.631763	1.928785
6624	-300.5672	-383.9679	83.4007	1.064771	0.249283	0.750717	2.584013
6630	-292.7781	-377.8755	85.09736	1.282892	0.338439	0.661561	1.272411
6636	-296.2656	-381.0749	84.80934	1.912214	0.310538	0.689462	0.9618574
6642	-300.5666	-385.0108	84.44413	2.379752	0.171972	0.828028	0.2637372
6648	-298.6037	-383.5567	84.95299	1.67134	0.552398	0.447602	1.058194
6654	-296.04	-381.1	85.06002	1.534179	0.542634	0.457366	1.086426
6660	-291.8383	-376.8184	84.98011	1.227328	0.307754	0.692246	1.41024
6666	-289.9788	-375.1402	85.16144	1.609076	0.427227	0.572773	0.9092575
6672	-290.6404	-375.9075	85.26708	1.490769	0.350998	0.649002	0.9232011
6678	-296.1766	-381.2897	85.11306	1.626389	0.21727	0.78273	0.9430203
6684	-301.4026	-385.74	84.3374	1.335197	0.561522	0.438478	1.799546
6690	-298.3409	-382.4499	84.10905	1.403523	0.38477	0.61523	1.909114
6696	-291.7199	-376.1081	84.38819	1.124378	0.288165	0.711835	1.909114
6702	-289.2029	-373.7487	84.54582	1.492559	0.364834	0.635166	1.538198
6708	-296.3533	-381.0816	84.72826	2.155064	0.214881	0.785119	0.7692461
6714	-291.3	-375.6635	84.36351	1.648965	0.146978	0.853022	1.557327
6720	-301.7969	-386.1633	84.3664	1.183418	0.374124	0.625876	1.883824
6726	-289.727	-374.0854	84.35843	1.257795	0.374124	0.625876	1.838422
6732	-311.5478	-397.0356	85.48784	1.220065	0.259893	0.740107	0.9759583
6738	-302.6733	-387.7642	85.09086	1.617042	0.281951	0.718049	0.9759583
6744	-302.5279	-387.443	84.91514	1.100605	0.258758	0.741242	1.554915
6750	-294.9172	-379.1345	84.21735	1.674901	0.320758	0.679242	1.644746
6756	-293.102	-378.2373	85.1353	1.593352	0.424477	0.575523	0.954437
6762	-287.3436	-372.4658	85.12221	1.276629	0.270295	0.729705	1.257041
6768	-283.159	-368.2457	85.08673	1.365342	0.296032	0.703968	1.212306
6774	-290.5407	-375.6948	85.15409	1.809177	0.288335	0.711665	0.627212
6780	-295.0338	-380.0373	85.00352	1.338967	0.304228	0.695772	1.303275
6786	-297.8058	-382.6079	84.80204	1.542789	0.351128	0.648872	1.301378
6792	-294.6515	-379.7406	85.08906	1.894513	0.320859	0.679141	0.5634745
6798	-294.5782	-379.6835	85.10533	1.882834	0.0731782	0.926822	0.5386893
6804	-296.6493	-381.7928	85.14343	1.765847	0.440464	0.559536	0.7302761
6810	-297.9994	-383.2616	85.2622	1.688439	0.310214	0.689786	0.6558526
6816	-299.9283	-385.0775	85.14917	1.722434	0.386547	0.613453	0.7856614
6822	-295.8487	-381.0166	85.16788	1.591049	0.350209	0.649791	0.9220166
6828	-305.4168	-390.6525	85.23575	1.523182	0.38646	0.61354	0.9220166
6834	-310.4452	-395.7315	85.28627	1.523182	0.38646	0.61354	0.8646243
6840	-305.5329	-390.5157	84.98282	1.427373	0.198953	0.801047	1.247589
6846	-299.7973	-383.6129	83.81557	1.224214	0.234865	0.765135	2.221212
6852	-298.3495	-383.482	85.13252	1.283728	0.392537	0.607463	1.242531
6858	-292.8079	-377.3754	84.56749	1.297932	0.304254	0.695746	1.663969
6864	-295.6675	-380.5108	84.84328	1.474993	0.124758	0.875242	1.322833
6870	-298.807	-383.3622	84.55526	1.537473	0.48231	0.51769	1.497667
6876	-303.4016	-387.6626	84.26093	1.749165	0.306722	0.693278	1.559082
6882	-305.194	-390.1412	84.94716	1.749165	0.322605	0.677395	0.9877542
6888	-308.6518	-393.5586	84.90677	1.518189	0.480941	0.519059	1.235225
6894	-293.4549	-378.3606	84.90575	1.408347	0.265484	0.734516	1.326186
6900	-289.1869	-374.1174	84.93048	1.470113	0.168045	0.831955	1.255584
6906	-291.111	-375.5523	84.44127	1.062126	0.168045	0.831955	1.915325
6912	-292.2622	-375.1247	82.86255	1.631287	0.168045	0.831955	2.566415
6918	-288.2902	-373.1746	84.88437	1.585284	0.0455826	0.954417	1.197274
6924	-306.0521	-391.3223	85.27016	1.491984	0.37307	0.62693	0.9185064
6930	-288.844	-374.1878	85.34381	1.635418	0.222331	0.777669	0.5807226
6936	-293.5597	-378.7759	85.21614	1.772519	0.322462	0.677538	0.5351104
6942	-290.5354	-375.2286	84.69324	1.527794	0.318319	0.681681	1.399685
6948	-290.9365	-375.9673	85.03084	1.177906	0.14661	0.85339	1.409229
6954	-295.0237	-380.2086	85.18491	1.648105	0.363686	0.636314	0.8360243
6960	-297.618	-382.1252	84.50716	0.9779446	0.120074	0.879926	1.927685
6966	-305.7522	-390.5906	84.83841	1.489732	0.058368	0.941632	1.314885
6972	-291.9528	-376.7548	84.80199	1.360163	0.0875609	0.912439	1.445088
6978	-297.0741	-381.7671	84.693	1.938514	0.376794	0.623206	1.051368
6984	-294.4412	-379.6292	85.18806	1.800704	0.384129	0.615871	0.4672026
6990	-299.1458	-383.625	84.47926	2.158731	0.425922	0.574078	1.045176
6996	-292.9156	-378.0947	85.17906	1.64733	0.533484	0.466516	0.8441996
7002	-289.6932	-375.1781	85.48485	1.354818	0.218373	0.781627	0.8276791
7008	-281.7617	-367.0699	85.30823	1.67245	0.228155	0.771845	0.5753399
7014	-281.9966	-367.1399	85.1433	1.576204	0.389431	0.610569	0.9639878
7020	-286.2236	-370.9865	84.76293	1.471701	0.137632	0.862368	1.389087
7026	-290.4003	-375.4164	85.01605	1.649818	0.295967	0.704033	1.018128
7032	-283.6101	-367.8987	84.28861	1.72281	0.14916	0.85084	1.558105
7038	-286.6697	-371.8914	85.22166	1.729431	0.239896	0.760104	0.654879
7044	-292.7239	-378.0749	85.35107	1.443365	0.308182	0.691818	0.882188
7050	-294.9186	-379.5422	84.62363	1.484963	0.245507	0.754493	1.48574
7056	-292.9806	-377.8474	84.86681	0.935196	0.229529	0.770471	1.709042
7062	-300.2474	-384.1202	83.87285	1.147098	0.43674	0.56326	2.234003
7068	-300.4659	-384.994	84.52812	1.42154	0.269812	0.730188	1.60327
7074	-298.2487	-383.5374	85.28866	1.411157	0.295805	0.704195	0.9842126
7080	-292.3442	-377.4505	85.10628	1.736792	0.413989	0.586011	0.8233608
7086	-300.6618	-385.8154	85.15356	1.583637	0.445155	0.554845	0.9454187
7092	-300.1127	-385.003	84.89027	0.9839329	0.383202	0.616798	1.657693
7098	-294.9188	-380.1807	85.26185	1.492942	0.448763	0.551237	0.9265298
7104	-293.0309	-378.0871	85.05624	1.933842	0.173237	0.826763	0.4787582
7110	-286.2052	-371.1037	84.89856	2.08258	0.368264	0.631736	0.4330017
7116	-289.6881	-374.1805	84.49236	2.08258	0.420489	0.579511	1.104142
7122	-286.1435	-370.8384	84.69487	2.266043	0.258682	0.741318	0.3871533
7128	-293.2046	-377.694	84.4894	2.499181	0.163335	0.836665	0.4659642
7134	-289.5207	-374.206	84.6853	2.273262	0.237775	0.762225	0.383204
7140	-291.9361	-376.8677	84.93161	2.050787	0.50801	0.49199	0.4372191
7146	-297.6569	-382.7665	85.10965	1.879825	0.169064	0.830936	0.528245
7152	-299.6485	-384.8019	85.15346	1.833771	0.414828	0.585172	0.4577967
7158	-304.49	-389.5555	85.06541	1.905501	0.436334	0.563666	0.6070616
7164	-307.6114	-392.3216	84.71023	1.466724	0.454827	0.545173	1.433751
7170	-305.2711	-390.5053	85.23422	1.159568	0.545454	0.454546	1.261225
7176	-303.0811	-387.7836	84.70251	1.316065	0.373693	0.626307	1.552828
7182	-293.1722	-377.9487	84.77654	1.103581	0.410336	0.589664	1.653447
7188	-300.9666	-385.7455	84.77886	0.7356154	0.335609	0.664391	1.907823
7194	-291.6895	-376.8372	85.14764	1.729731	0.40032	0.59968	0.777666
7200	-294.2304	-379.251	85.02057	1.643347	0.392012	0.607988	1.020044
7206	-285.3535	-370.0398	84.68634	1.315066	0.351874	0.648126	1.565472
7212	-291.2591	-376.6473	85.38824	1.228113	0.130429	0.869571	1.065732
7218	-291.8418	-376.7678	84.92598	1.690373	0.269083	0.730917	1.065732
7224	-297.0026	-382.4039	85.40134	1.393306	0.269083	0.730917	0.8819424
7230	-311.0343	-395.9407	84.90634	1.592469	0.382771	0.617229	1.17205
7236	-306.9782	-391.9463	84.96812	1.917496	0.176847	0.823153	0.7659528
7242	-298.0385	-383.2083	85.16976	1.761172	0.447833	0.552167	0.6939022
7248	-297.6079	-382.7588	85.15094	1.779991	0.417911	0.582089	0.6939022
7254	-298.5502	-383.462	84.91177	1.818147	0.352068	0.647932	0.9531025
7260	-298.0856	-382.5226	84.43701	1.878506	0.193005	0.806995	1.325043
7266	-295.7989	-380.5899	84.79095	2.136945	0.433322	0.566678	0.6992724
7272	-291.2784	-376.4569	85.1785	1.606236	0.527383	0.472617	0.8932926
7278	-287.5698	-372.6497	85.07993	1.704567	0.155257	0.844743	0.8935598
7284	-287.4763	-372.5631	85.08687	1.697629	0.362625	0.637375	0.8935598
7290	-290.6874	-375.9282	85.24089	1.608784	0.175762	0.824238	0.8148969
7296	-291.9469	-376.6457	84.69874	1.608784	0.355058	0.644942	1.331449
7302	-288.7139	-373.8964	85.18252	1.125006	0.364264	0.635736	1.331449
7308	-295.018	-380.1155	85.0975	1.210024	0.364264	0.635736	1.331449
7314	-288.5148	-373.7076	85.19288	1.552686	0.364264	0.635736	0.9364873
7320	-291.101	-376.2373	85.13636	1.774144	0.326549	0.673451	0.7283202
7326	-302.1154	-386.6674	84.55202	2.328539	0.374138	0.625862	0.3002824
7332	-305.0509	-389.6344	84.58347	1.978547	0.221251	0.778749	1.115904
7338	-298.2291	-381.647	83.41791	1.615161	0.221251	0.778749	2.225545
7344	-294.4461	-379.4623	85.01618	1.231025	0.249227	0.750773	1.379245
7350	-294.0676	-378.6697	84.6021	1.508722	0.344369	0.655631	1.484058
7356	-299.3251	-383.8861	84.56093	1.380479	0.127021	0.872979	1.609262
7362	-296.0947	-380.6143	84.5196	1.85295	0.580019	0.419981	1.278742
7368	-302.4482	-387.2151	84.76696	1.24874	0.323124	0.676876	1.554954
7374	-298.6107	-383.5336	84.92292	1.332469	0.47088	0.52912	1.372815
7380	-301.4326	-385.7449	84.31224	1.262518	0.302198	0.697802	1.866817
7386	-299.5418	-384.0917	84.5499	1.264346	0.461402	0.538598	1.700381
7392	-298.8216	-383.3757	84.55404	1.260214	0.293918	0.706082	1.700381
7398	-303.9962	-389.2474	85.2512	1.363978	0.257029	0.742971	1.066841
7404	-298.5059	-382.3926	83.88663	1.159588	0.447957	0.552043	2.217061
7410	-311.5677	-396.4279	84.86016	1.10644	0.327028	0.672972	1.590939
7416	-304.9839	-389.7163	84.73243	1.234179	0.215309	0.784691	1.590939
7422	-299.8802	-384.6904	84.8102	1.346101	0.31103	0.68897	1.449561
7428	-301.0415	-385.5822	84.54071	1.615592	0.389442	0.610558	1.449561
7434	-308.5874	-393.8226	85.23524	1.462919	0.284321	0.715679	0.985904
7440	-298.2566	-382.8566	84.59994	1.526635	0.313612	0.686388	1.472159
7446	-299.006	-383.1302	84.12423	1.024689	0.400751	0.599249	2.150458
7452	-300.5574	-385.7983	85.24091	1.221319	0.21389	0.78611	1.203643
7458	-294.0165	-378.8683	84.85177	1.610458	0.199705	0.800295	1.203643
7464	-300.4941	-385.3459	84.85177	1.610458	0.419171	0.580829	1.203643
7470	-300.9836	-385.7747	84.79111	2.055522	0.599146	0.400854	0.8188188
7476	-295.7734	-380.8958	85.12236	1.724266	0.616465	0.383535	0.8188188
7482	-296.3034	-381.4387	85.13529	1.711334	0.408911	0.591089	0.8188188
7488	-294.3518	-379.4488	85.09701	1.74887	0.319667	0.680333	0.8197737
7494	-297.2966	-382.6461	85.34956	1.468236	0.413977	0.586023	0.8546456
7500	-300.2781	-385.2943	85.01626	0.8148094	0.190355	0.809645	1.688448
7506	-297.1001	-381.9828	84.88272	1.160532	0.190355	0.809645	1.534584
7512	-292.0694	-377.3067	85.2373	0.9753863	0.451826	0.548174	1.406171
7518	-290.0378	-375.279	85.24117	1.235898	0.170744	0.829256	1.190897
7524	-289.6866	-374.9358	85.2492	1.482762	0.107546	0.892454	0.950949
7530	-298.4075	-383.6289	85.22149	1.732569	0.31864	0.68136	0.6485181
7536	-295.4242	-380.6547	85.23049	1.732569	0.300292	0.699708	0.6277069
7542	-297.9221	-382.8265	84.90437	2.085087	0.289047	0.710953	0.5283606
7548	-298.8484	-383.4215	84.57308	1.22347	0.241773	0.758227	1.712896
7554	-300.1763	-384.1002	83.92385	1.475703	0.38465	0.61535	1.985149
7560	-295.1945	-380.3837	85.18917	1.60043	0.293322	0.706678	0.8877451
7566	-303.9833	-388.9814	84.9981	1.628448	0.333238	0.666762	1.05609
7572	-301.4749	-385.9251	84.45026	2.296259	0.14951	0.85049	0.2266548
7578	-291.9818	-377.2071	85.22526	1.668754	0.410327	0.589673	0.7536694
7584	-297.4121	-382.4557	85.04367	1.941285	0.410327	0.589673	0.4469648
7590	-306.7523	-391.5259	84.7736	1.932125	0.303206	0.696794	0.9781969
7596	-302.5191	-387.7022	85.18307	1.530941	0.333652	0.666348	0.9696762
7602	-300.3351	-385.4538	85.11864	1.598138	0.242783	0.757217	0.9668215
7608	-299.5724	-384.4979	84.92554	1.791236	0.199808	0.800192	0.9668215
7614	-299.1756	-384.2893	85.11363	1.874226	0.173276	0.826724	0.5407943
7620	-295.5399	-381.0392	85.49925	1.457474	0.27321	0.72679	0.6426127
7626	-286.9417	-372.2906	85.34889	1.541101	0.448855	0.551145	0.759604
7632	-292.0963	-377.3044	85.20813	1.76764	0.320148	0.679852	0.5924382
7638	-293.7694	-378.3774	84.60802	1.210437	0.320148	0.679852	1.697402
7644	-289.2071	-373.8619	84.65485	1.6962	0.320148	0.679852	1.296319
7650	-292.0609	-376.4828	84.42192	2.543864	0.400961	0.599039	0.3959433
7656	-300.0661	-384.5262	84.46014	2.526814	0.279523	0.720477	0.5463772
7662	-293.3654	-378.0404	84.67499	1.592789	0.13045	0.86955	1.36305
7668	-283.3817	-368.365	84.98328	1.93624	0.261282	0.738718	0.7136119
7674	-289.8253	-374.8568	85.03149	1.905095	0.212127	0.787873	0.6835793
7680	-298.1271	-382.5134	84.38628	1.845839	0.318201	0.681799	1.39105
7686	-298.6501	-383.6003	84.95018	1.29301	0.18242	0.81758	1.382392
7692	-296.2855	-381.4507	85.16528	1.812537	0.189915	0.810085	0.5856843
7698	-293.9835	-378.6255	84.64199	1.491456	0.278981	0.721019	1.466949
7704	-311.1225	-395.8471	84.72463	2.225748	0.273302	0.726698	0.3706757
7710	-302.9421	-387.9904	85.04825	1.892192	0.154422	0.845578	0.6762997
7716	-298.4167	-383.7225	85.30587	1.263523	0.198078	0.801922	1.109204
7722	-302.6366	-387.2534	84.61678	1.919147	0.349913	0.650087	1.139338
7728	-294.3403	-379.257	84.91664	2.009772	0.38337	0.61663	0.7018661
7734	-298.6882	-382.5903	83.90204	1.164805	0.366219	0.633781	2.20373
7740	-299.4189	-383.848	84.42909	1.518701	0.167362	0.832638	1.604634
7746	-299.369	-384.3216	84.95266	1.807878	0.182172	0.817828	0.9202612
7752	-309.617	-393.6692	84.05215	1.234976	0.510367	0.489633	2.059827
7758	-303.2251	-387.4782	84.25309	1.338812	0.343384	0.656616	1.855099
7764	-300.5337	-385.1785	84.64485	1.132366	0.435957	0.564043	1.72653
7770	-302.0906	-387.025	84.93439	1.270895	0.427722	0.572278	1.411909
7776	-300.1334	-384.4191	84.28564	1.580005	0.180544	0.819456	1.663813
7782	-296.4872	-381.2114	84.72422	1.576137	0.263659	0.736341	1.33718
7788	-305.4885	-390.3857	84.8972	1.762973	0.232943	0.767057	1.023707
7794	-304.6033	-389.4615	84.85827	1.185972	0.459702	0.540298	1.533851
7800	-297.1686	-382.0156	84.84698	2.142512	0.29665	0.70335	0.5281057
7806	-297.435	-382.3869	84.95191	1.933315	0.428552	0.571448	0.7665154
7812	-290.8367	-375.9447	85.10795	1.707306	0.437118	0.562882	0.8576983
7818	-292.0403	-376.9818	84.9415	1.707306	0.283081	0.716919	1.034764
7824	-290.3257	-375.7304	85.40468	1.471863	0.27302	0.72698	0.7788204
7830	-287.6476	-372.3174	84.66982	2.295045	0.30962	0.69038	0.3942036
7836	-294.6615	-379.6884	85.02695	1.964057	0.30962	0.69038	0.498232
7842	-291.7653	-376.7657	85.00042	1.854609	0.288422	0.711578	0.8079184
7848	-291.312	-376.2733	84.96126	2.016777	0.396833	0.603167	0.4237221
7854	-297.379	-382.5657	85.18673	1.749486	0.372102	0.627898	0.6842706
7860	-309.4456	-394.5317	85.08611	1.898437	0.416513	0.583487	0.5590437
7866	-300.1866	-385.1895	85.00291	1.982497	0.400252	0.599748	0.5548319
7872	-298.3835	-382.6986	84.31507	2.669395	0.385034	0.614966	0.4449535
7878	-292.1057	-377.0973	84.99154	1.987526	0.295514	0.704486	0.5813085
7884	-289.7693	-374.9164	85.14706	1.832007	0.206053	0.793947	0.5813085
7890	-294.4721	-379.3602	84.88807	2.102234	0.307329	0.692671	0.5190388
7896	-291.6709	-376.6959	85.02498	1.914202	0.337958	0.662042	0.6786991
7902	-295.0197	-379.9428	84.92314	2.012333	0.348277	0.651723	0.6856514
7908	-294.3018	-379.2137	84.91199	2.078927	0.348277	0.651723	0.492997
7914	-296.5518	-381.4255	84.87366	1.781511	0.355479	0.644521	1.028582
7920	-293.0828	-377.774	84.69125	1.648978	0.355479	0.644521	1.305106
7926	-300.9984	-386.0911	85.09266	1.406896	0.393216	0.606784	1.171403
7932	-301.3211	-386.5019	85.18084	1.638859	0.365769	0.634231	0.8523517
7938	-309.0467	-394.3301	85.28341	1.536289	0.365769	0.634231	0.8523517
7944	-298.5088	-383.0039	84.49511	1.559002	0.354415	0.645585	1.526515
7950	-300.2632	-385.5924	85.32922	1.56995	0.417982	0.582018	0.7459437
7956	-299.4778	-384.2213	84.74356	1.027359	0.229393	0.770607	1.730955
7962	-301.6344	-386.2256	84.59122	1.1797	0.631435	0.368565	1.730955
7968	-297.5227	-382.5437	85.02098	1.563879	0.194613	0.805387	1.095046
7974	-290.4691	-375.2636	84.79458	1.09705	0.382251	0.617749	1.645193
7980	-292.9592	-377.4388	84.47962	1.124986	0.322428	0.677572	1.846395
7986	-290.3712	-375.5186	85.14734	1.162829	0.286387	0.713613	1.329338
7992	-290.8344	-376.0091	85.17474	1.133332	0.120524	0.879476	1.331016
7998	-292.3601	-377.4914	85.13133	1.859023	0.157348	0.842652	0.5183241
8004	-294.9305	-379.7795	84.84899	1.440708	0.111792	0.888208	1.345679
8010	-284.9884	-369.6677	84.67925	1.610451	0.346129	0.653871	1.345679
8016	-288.1222	-372.5762	84.45402	1.180278	0.471159	0.528841	1.825994
8022	-296.1641	-381.2053	85.04113	1.831114	0.402943	0.597057	0.7847822
8028	-293.3711	-377.9704	84.59933	1.406997	0.183374	0.816626	1.56185
8034	-292.2019	-377.248	85.04612	1.942823	0.268649	0.731351	0.5328656
8040	-295.082	-379.613	84.53107	1.594428	0.213722	0.786278	1.472968
8046	-294.1343	-377.987	83.85271	1.608738	0.212711	0.787289	1.943633
8052	-290.327	-375.0614	84.73441	1.553241	0.432764	0.567236	1.347306
8058	-296.8267	-381.7921	84.96547	1.264885	0.219659	0.780341	1.392422
8064	-294.0642	-377.9497	83.88541	1.373384	0.342118	0.657882	2.078507
8070	-300.5903	-384.6614	84.07109	1.187703	0.253953	0.746047	2.078507
8076	-298.4968	-382.6788	84.18207	0.9903197	0.388944	0.611056	2.135153
8082	-294.9465	-380.234	85.28757	0.9518795	0.390472	0.609528	1.385318
8088	-289.5806	-374.5023	84.92168	1.336595	0.285855	0.714145	1.370546
8094	-294.2559	-379.1312	84.8753	1.382978	0.273909	0.726091	1.370546
8100	-300.2946	-385.375	85.08033	1.321933	0.21722	0.78278	1.254192
8106	-296.9884	-382.2053	85.21688	1.185391	0.174246	0.825754	1.254192
8112	-292.8491	-377.8923	85.04316	1.359111	0.250364	0.749636	1.254192
8118	-299.3516	-384.3279	84.9763	1.648639	0.334675	0.665325	1.057619
8124	-294.2675	-379.2667	84.99921	1.627331	0.395251	0.604749	1.056101
8130	-302.0634	-387.1811	85.11768	1.871393	0.126183	0.873817	0.4695195
8136	-294.2265	-379.4686	85.24206	1.654943	0.27433	0.72567	0.7492125
8142	-294.5201	-379.2185	84.69847	1.28844	0.203336	0.796664	1.5761
8148	-294.1783	-378.5916	84.41328	1.692834	0.126915	0.873085	1.48761
8154	-299.2995	-384.382	85.0825	1.24452	0.397184	0.602816	1.315789
8160	-301.0946	-386.1306	85.03598	1.481161	0.180148	0.819852	1.155987
8166	-316.4379	-401.3985	84.96058	1.556564	0.42316	0.57684	1.155987
8172	-289.488	-374.6151	85.12713	1.336105	0.173618	0.826382	1.202782
8178	-297.3052	-382.54	85.23472	1.564825	0.301267	0.698733	0.8762591
8184	-296.7505	-382.0521	85.30164	1.497904	0.434236	0.565764	0.8762591
8190	-295.8507	-380.789	84.93827	1.497904	0.231473	0.768527	1.225785
8196	-299.8218	-385.19	85.36824	1.583619	0.290372	0.709628	0.6532645
8202	-300.3853	-385.282	84.89666	1.435333	0.162488	0.837512	1.311774
8208	-303.168	-387.8353	84.6673	1.805079	0.251104	0.748896	1.19494
8214	-314.5065	-399.4461	84.93963	1.653572	0.522951	0.477049	1.08735
8220	-317.2278	-402.1961	84.96828	1.742127	0.206557	0.793443	0.973395
8226	-311.3735	-396.2788	84.90525	1.824045	0.435875	0.564125	0.9537599
8232	-305.9368	-390.6234	84.6866	1.622999	0.435875	0.564125	1.329789
8238	-296.5432	-381.0868	84.54351	1.251152	0.289865	0.710135	1.714228
8244	-300.3965	-385.506	85.10952	1.351316	0.337086	0.662914	1.204829
8250	-300.888	-385.8049	84.91681	1.305039	0.305903	0.694097	1.399053
8256	-295.9531	-380.965	85.01191	1.575095	0.226907	0.773093	1.093071
8262	-294.275	-379.3642	85.08922	1.836562	0.108049	0.891951	0.7029639
8268	-287.8794	-373.2141	85.33472	1.459062	0.270119	0.729881	0.8829438
8274	-288.6823	-373.5852	84.90293	1.37316	0.199073	0.800927	1.356479
8280	-291.8566	-376.4365	84.5799	1.37316	0.115088	0.884912	1.600802
8286	-290.4475	-375.4907	85.04325	1.302783	0.388153	0.611847	1.300394
8292	-289.409	-374.5729	85.1639	1.442992	0.2786	0.7214	1.074613
8298	-295.5031	-380.2277	84.72455	1.802862	0.360769	0.639231	1.146906
8304	-301.6302	-386.6623	85.03218	1.802862	0.545662	0.454338	0.8334942
8310	-297.2467	-382.0181	84.77143	1.838273	0.214095	0.785905	1.071979
8316	-299.148	-383.3526	84.20464	1.941099	0.25537	0.74463	1.457611
8322	-293.3304	-378.1082	84.77777	1.716368	0.20688	0.79312	1.17612
8328	-296.6017	-381.7222	85.12048	1.435261	0.20688	0.79312	1.121574
8334	-292.4386	-377.5226	85.08398	1.554229	0.310812	0.689188	1.04497
8340	-297.5534	-382.6898	85.13638	1.23286	0.324117	0.675883	1.281459
8346	-298.7419	-383.5474	84.80549	1.043595	0.342374	0.657626	1.67563
8352	-305.9775	-390.6912	84.71364	2.216845	0.170665	0.829335	0.345597
8358	-302.3506	-387.1691	84.81849	2.126051	0.355745	0.644255	0.6682981
8364	-297.0629	-382.0201	84.95716	1.805774	0.385743	0.614257	0.9176383
8370	-291.2171	-375.2499	84.03281	1.571766	0.344655	0.655345	1.846414
8376	-291.1378	-376.073	84.93519	1.92959	0.332877	0.667123	0.7949502
8382	-292.5665	-377.6109	85.04445	1.82033	0.213376	0.786624	0.7949502
8388	-296.9909	-381.9753	84.98437	2.006439	0.13161	0.86839	0.4901059
8394	-291.1781	-376.1604	84.98226	1.999836	0.343528	0.656472	0.5697724
8400	-293.3862	-378.0459	84.65963	2.30496	0.473373	0.526627	0.6239001
8406	-288.1352	-373.5011	85.36596	1.331909	0.300237	0.699763	0.9861921
8412	-287.286	-372.0709	84.78486	1.331909	0.300237	0.699763	1.479568
8418	-289.1238	-374.1693	85.04549	1.202402	0.243606	0.756394	1.378709
8424	-293.0363	-377.4712	84.43487	1.303338	0.266952	0.733048	1.753898
8430	-296.9273	-380.9622	84.03494	1.388149	0.266952	0.733048	1.9694
8436	-293.8955	-378.8979	85.00241	1.714622	0.301016	0.698984	0.9665552
8442	-297.886	-382.713	84.82704	1.467765	0.434634	0.565366	1.341614
8448	-309.8045	-394.9806	85.17614	1.118663	0.368787	0.631213	1.341614
8454	-301.8786	-387.163	85.28444	1.400176	0.188081	0.811919	0.9995422
8460	-300.2103	-385.4905	85.2802	1.404412	0.253512	0.746488	0.9995422
8466	-295.993	-381.0905	85.09754	1.689939	0.427401	0.572599	0.8901625
8472	-302.2674	-387.3845	85.11713	1.630117	0.38094	0.61906	0.9346764
8478	-310.7248	-395.8865	85.16164	1.585609	0.38094	0.61906	0.9346764
8484	-300.8753	-386.1595	85.28415	1.463104	0.387688	0.612312	0.9346764
8490	-297.3557	-382.3443	84.98852	1.359479	0.164422	0.835578	1.298802
8496	-300.6963	-385.7462	85.04984	1.462219	0.159844	0.840156	1.160459
8502	-298.5127	-383.559	85.04638	1.872047	0.34114	0.65886	0.7154327
8508	-303.4061	-388.4646	85.05845	1.859973	0.200517	0.799483	0.7154327
8514	-311.9356	-397.1123	85.17667	1.602966	0.474864	0.525136	0.8990551
8520	-304.2331	-389.4099	85.17678	1.282513	0.348728	0.651272	1.206149
8526	-301.8507	-387.0041	85.15336	1.355691	0.267487	0.732513	1.163095
8532	-299.9026	-385.0989	85.19632	1.434355	0.218023	0.781977	1.052163
8538	-297.9165	-381.3627	83.44621	1.227358	0.218023	0.781977	2.454195
8544	-298.3227	-382.8885	84.56573	1.071057	0.346031	0.653969	1.824278
8550	-295.3373	-380.2336	84.89633	1.396532	0.112923	0.887077	1.34316
8556	-295.8901	-380.9039	85.01374	1.079771	0.223449	0.776551	1.497084
8562	-303.1679	-388.2181	85.0502	1.817869	0.492379	0.507621	0.790497
8568	-296.7958	-381.8605	85.06471	1.73448	0.228259	0.771741	0.8766729
8574	-301.7363	-386.7988	85.06251	1.73668	0.609125	0.390875	0.8766729
8580	-299.3172	-384.4804	85.16324	1.3778	0.585581	0.414419	1.134775
8586	-298.9244	-383.7692	84.84479	1.679594	0.193184	0.806816	1.149591
8592	-292.7723	-378.0142	85.24192	1.711114	0.19989	0.80011	0.650749
8598	-293.6355	-378.3035	84.66798	1.064004	0.494989	0.505011	1.758245
8604	-294.5628	-379.8025	85.23972	1.749742	0.176875	0.823125	0.4727249
8610	-292.7433	-376.9025	84.15925	1.348106	0.141962	0.858038	1.912647
8616	-288.3481	-372.653	84.30497	0.9649094	0.135724	0.864276	2.071203
8622	-286.7675	-372.174	85.40649	1.15359	0.263477	0.736523	1.11766
8628	-290.5073	-375.6441	85.13682	1.369231	0.207717	0.792283	1.165726
8634	-297.3382	-381.6523	84.31411	0.6637278	0.467443	0.532557	2.261083
8640	-294.1148	-379.5144	85.39963	1.078354	0.229489	0.770511	1.190111
8646	-297.3092	-382.3929	85.08364	1.556206	0.435348	0.564652	1.043396
8652	-293.3723	-378.171	84.7987	2.192239	0.435115	0.564885	0.4941834
8658	-290.1886	-375.0253	84.83676	1.751943	0.343744	0.656256	1.091505
8664	-288.2142	-373.1504	84.93613	1.658588	0.278077	0.721923	1.08595
8670	-288.7369	-373.8534	85.1165	1.635596	0.245936	0.754064	0.9294458
8676	-293.9871	-379.162	85.17493	1.802757	0.400286	0.599714	0.5861346
8682	-289.3261	-374.6493	85.32317	1.625843	0.242873	0.757127	0.6592349
8688	-285.1278	-370.2346	85.10674	1.879762	0.210164	0.789836	0.5490235
8694	-291.5677	-376.4831	84.9154	1.602436	0.308276	0.691724	1.155373
8700	-287.4006	-372.2437	84.84304	1.877185	0.328992	0.671008	0.9632418
8706	-296.8675	-381.5772	84.70971	1.270762	0.169929	0.830071	1.580814
8712	-300.5126	-385.5991	85.08651	1.892037	0.367724	0.632276	0.5831594
8718	-300.1545	-385.1196	84.96505	1.947372	0.176222	0.823778	0.7252427
8724	-293.7421	-377.9426	84.20048	1.376642	0.365175	0.634825	1.865202
8730	-291.7297	-376.5268	84.79708	1.964474	0.246208	0.753792	0.9191492
8736	-297.4495	-382.5917	85.14227	1.292593	0.256622	0.743378	1.226892
8742	-299.0984	-384.0277	84.92924	1.505617	0.188912	0.811088	1.226892
8748	-293.2386	-378.3992	85.16059	1.269786	0.170735	0.829265	1.230672
8754	-303.4639	-388.5172	85.05338	1.111901	0.44379	0.55621	1.442694
8760	-298.1381	-383.1215	84.98342	1.992118	0.438849	0.561151	0.5931989
8766	-294.6452	-379.6068	84.96165	2.013886	0.0684423	0.931558	0.5931989
8772	-297.4287	-382.1385	84.70986	2.199381	0.472277	0.527723	0.3240898
8778	-300.326	-385.5529	85.22696	1.70365	0.262087	0.737913	0.6944788
8784	-300.7727	-385.0838	84.3111	1.389376	0.289537	0.710463	1.780206
8790	-300.6834	-385.8259	85.14247	1.735044	0.180014	0.819986	0.7774596
8796	-296.4384	-381.754	85.31556	1.369558	0.29169	0.70831	0.9990379
8802	-295.5974	-380.2746	84.67724	1.475461	0.42424	0.57576	1.452303
8808	-290.0766	-375.4646	85.388	1.363414	0.131125	0.868875	0.9301908
8814	-298.4572	-383.3755	84.91831	1.900903	0.348465	0.651535	0.8529435
8820	-304.7125	-389.908	85.1955	1.188296	0.255388	0.744612	1.269489
8826	-298.0214	-383.103	85.08154	1.319264	0.314508	0.685492	1.255408
8832	-291.6589	-376.2351	84.57628	1.683998	0.119023	0.880977	1.368966
8838	-292.5262	-377.537	85.01086	1.366932	0.119023	0.880977	1.274434
8844	-285.279	-370.2244	84.94547	1.659283	0.111583	0.888417	1.07661
8850	-289.8184	-374.0453	84.22692	1.049925	0.426001	0.573999	2.06661
8856	-285.9828	-371.13	85.14713	1.797264	0.302072	0.697928	0.6685845
8862	-297.67	-382.0707	84.4007	1.992354	0.302072	0.697928	1.261834
8868	-291.2816	-374.8816	83.59996	1.421836	0.192517	0.807483	2.232813
8874	-288.8703	-373.9005	85.03016	1.486862	0.2624	0.7376	1.156092
8880	-289.6317	-374.8096	85.17791	1.671532	0.467519	0.532481	0.815187
8886	-292.6468	-377.8569	85.21013	1.778153	0.265499	0.734501	0.5378771
8892	-286.8073	-371.7724	84.965	2.023274	0.140008	0.859992	0.5378771
8898	-285.8519	-370.9885	85.13658	1.640736	0.289076	0.710924	0.9016614
8904	-286.1834	-371.2972	85.11378	1.677647	0.191575	0.808425	0.885643
8910	-298.0075	-383.1356	85.12816	1.634822	0.145038	0.854962	0.9175796
8916	-300.8345	-385.4265	84.592	1.646769	0.1457	0.8543	1.385852
8922	-297.5723	-382.6553	85.083	1.896745	0.275289	0.724711	0.5788693
8928	-296.8062	-382.106	85.29974	1.640688	0.198572	0.801428	0.6763217
8934	-302.0185	-387.0697	85.05118	1.88925	0.424294	0.575706	0.6763217
8940	-299.8201	-384.807	84.98689	1.9983	0.305852	0.694148	0.4479722
8946	-302.8726	-387.3924	84.51977	2.291398	0.181418	0.818582	0.862589
8952	-299.3876	-384.2439	84.85637	1.562153	0.562346	0.437654	1.240625
8958	-298.4362	-383.4663	85.03013	1.325883	0.196105	0.803895	1.292276
8964	-297.9928	-382.667	84.67419	1.263429	0.134763	0.865237	1.612013
8970	-299.7771	-384.7936	85.01649	1.023719	0.26826	0.73174	1.536841
8976	-299.3412	-384.0426	84.70136	1.26225	0.341766	0.658234	1.593121
8982	-295.4816	-380.589	85.10744	1.512862	0.341766	0.658234	1.062009
8988	-295.0204	-379.7839	84.7635	1.7716	0.130071	0.869929	1.140079
8994	-293.122	-378.0674	84.9454	1.977098	0.271998	0.728002	0.7085988
9000	-294.7088	-379.7519	85.04303	1.719531	0.294713	0.705287	0.9180405
9006	-299.5946	-384.5312	84.93652	1.826046	0.43374	0.56626	0.9180405
9012	-303.1772	-388.2589	85.08178	1.566723	0.1669	0.8331	1.035057
9018	-295.3326	-380.0805	84.74791	1.902404	0.153807	0.846193	1.033304
9024	-295.0209	-379.762	84.74104	1.796763	0.411515	0.588485	1.13767
9030	-300.3091	-385.5782	85.26916	1.560824	0.357297	0.642703	0.839785
9036	-300.9624	-385.9678	85.00541	1.824574	0.378602	0.621398	0.839785
9042	-301.8138	-386.8369	85.02309	1.960411	0.222455	0.777545	0.4412079
9048	-299.2228	-384.0268	84.80401	2.183433	0.345778	0.654222	0.5434389
9054	-302.1198	-386.9243	84.80449	2.182956	0.314807	0.685193	0.5434389
9060	-306.2756	-391.0128	84.73716	2.182216	0.293012	0.706988	0.3338341
9066	-293.6466	-378.1754	84.52879	1.482095	0.246837	0.753163	1.558495
9072	-312.2159	-396.9091	84.6932	0.9702055	0.176465	0.823535	1.805907
9078	-306.7143	-391.7302	85.01588	1.338558	0.221971	0.778029	1.293559
9084	-305.9169	-390.8726	84.95568	1.784564	0.389079	0.610921	0.9421759
9090	-308.7441	-393.1869	84.44275	1.053944	0.584676	0.415324	1.919859
9096	-304.0384	-388.4508	84.41235	1.084337	0.264057	0.735943	1.919859
9102	-293.6677	-378.711	85.04334	1.278599	0.165696	0.834304	1.319883
9108	-297.5181	-382.5916	85.07351	1.571111	0.165696	0.834304	1.038804
9114	-294.1316	-379.2445	85.11291	1.649639	0.154901	0.845099	0.9180558
9120	-304.8796	-389.7938	84.9142	1.36777	0.164664	0.835336	1.351821
9126	-298.3188	-382.7165	84.39767	1.413397	0.134511	0.865489	1.702636
9132	-302.5806	-386.9932	84.41261	1.194996	0.162473	0.837527	1.844333
9138	-300.4557	-385.194	84.73836	1.301521	0.292264	0.707736	1.537083
9144	-306.3857	-391.0359	84.65012	1.432014	0.379762	0.620238	1.505609
9150	-300.5631	-385.0038	84.44074	1.105075	0.325519	0.674481	1.886545
9156	-297.5177	-382.5449	85.02726	1.939163	0.303551	0.696449	0.6192164
9162	-300.9126	-385.7358	84.82322	2.032132	0.251758	0.748242	0.8074881
9168	-305.3414	-390.1706	84.82921	1.512792	0.359971	0.640029	1.303672
9174	-310.4996	-393.7927	83.29305	1.332517	0.665298	0.334702	2.484287
9180	-299.6002	-384.301	84.70085	1.174649	0.219852	0.780148	1.656763
9186	-295.8765	-380.5773	84.70085	1.174649	0.570711	0.429289	1.656763
9192	-301.2107	-385.5514	84.34069	1.386662	0.506963	0.493037	1.761481
9198	-299.1507	-383.9216	84.77088	1.905763	0.700232	0.299768	1.007486
9204	-289.9658	-374.7484	84.7826	2.198032	0.394382	0.605618	0.5755534
9210	-294.1819	-378.8119	84.63004	2.350588	0.273828	0.726172	0.5755534
9216	-299.5886	-384.8054	85.21679	1.755408	0.273828	0.726172	0.6033444
9222	-301.123	-386.4166	85.29358	1.259683	0.201934	0.798066	1.123813
9228	-300.263	-384.5751	84.31208	1.527283	0.234483	0.765517	1.682556
9234	-296.0491	-380.8528	84.80372	1.244145	0.379323	0.620677	1.531158
9240	-299.7193	-383.8561	84.13689	1.854974	0.379724	0.620276	1.572471
9246	-287.5396	-372.5463	85.00672	1.941867	0.270794	0.729206	0.6601242
9252	-299.9886	-384.613	84.62445	2.260177	0.26893	0.73107	0.7673787
9258	-294.1093	-378.9407	84.83141	2.045529	0.170055	0.829945	0.7782654
9264	-293.1672	-378.1435	84.97631	1.78434	0.380701	0.619299	0.9201418
9270	-296.4447	-381.4353	84.99063	1.075214	0.456075	0.543925	1.517785
9276	-298.144	-382.7548	84.61077	1.725343	0.470171	0.529829	1.308441
9282	-297.9856	-382.7945	84.80885	2.086018	0.470171	0.529829	0.7524033
9288	-291.8128	-376.6848	84.87205	1.834036	0.491373	0.508627	0.9778232
9294	-298.5535	-383.7082	85.15475	1.55134	0.448974	0.551026	0.9778232
9300	-290.4548	-375.4608	85.00598	1.819884	0.19984	0.80016	0.8448508
9306	-295.383	-380.581	85.19807	1.59321	0.31045	0.68955	0.8858108
9312	-292.7817	-378.0791	85.2974	1.582912	0.306675	0.693325	0.7735259
9318	-293.4922	-378.7127	85.22053	1.441743	0.187583	0.812417	1.021657
9324	-300.7425	-385.7903	85.04784	1.769543	0.2657	0.7343	0.8551456
9330	-289.4554	-374.705	85.24964	1.567741	0.234537	0.765463	0.8551456
9336	-289.5908	-374.4488	84.85796	2.115015	0.348589	0.651411	0.4109507
9342	-290.9405	-375.8122	84.87168	2.115015	0.192779	0.807221	0.5479174
9348	-291.4884	-376.4165	84.92809	2.017465	0.248745	0.751255	0.6662662
9354	-301.938	-386.8706	84.93259	1.767129	0.278713	0.721287	0.984314
9360	-295.0115	-379.5796	84.56803	2.143604	0.25146	0.74854	0.9721245
9366	-292.1022	-376.7326	84.63041	1.479097	0.25146	0.74854	1.485052
9372	-295.9779	-380.9419	84.96403	1.557701	0.25146	0.74854	1.151933
9378	-299.1991	-384.2316	85.03251	1.489221	0.347496	0.652504	1.151933
9384	-295.7723	-379.5409	83.76854	1.242299	0.485639	0.514361	2.239869
9390	-294.9909	-378.9311	83.94019	1.178927	0.365835	0.634165	2.16985
9396	-290.4283	-374.6652	84.23689	1.456441	0.28165	0.71835	1.785171
9402	-286.8595	-371.6255	84.76602	1.589573	0.31795	0.68205	1.292614
9408	-285.3153	-370.1474	84.83212	1.575607	0.42166	0.57834	1.249645
9414	-289.7068	-374.7196	85.01274	1.533053	0.427899	0.572101	1.130525
9420	-290.0681	-375.2997	85.23158	1.389239	0.280177	0.719823	1.061524
9426	-292.4213	-377.7161	85.29482	1.51873	0.140886	0.859114	0.8597492
9432	-289.7082	-374.8734	85.16521	1.297622	0.523872	0.476128	1.203126
9438	-293.1969	-378.4246	85.22774	1.533479	0.258645	0.741355	0.9195111
9444	-288.3766	-373.3525	84.97596	1.658626	0.37179	0.62821	1.048432
9450	-288.5593	-373.9507	85.39141	1.574964	0.344292	0.655708	0.6193426
9456	-291.552	-376.325	84.77304	1.894055	0.40348	0.59652	1.016922
9462	-294.1795	-379.1948	85.0153	1.971766	0.367595	0.632405	0.4568683
9468	-299.811	-384.5782	84.76713	1.985473	0.367595	0.632405	0.9288991
9474	-294.4268	-379.1325	84.70564	2.282262	0.350753	0.649247	0.4616049
9480	-296.5939	-381.8971	85.3032	1.418973	0.211066	0.788934	0.9612129
9486	-295.859	-381.0623	85.2033	0.9727317	0.160463	0.839537	1.434453
9492	-291.57	-376.879	85.30905	1.562454	0.309035	0.690965	0.785806
9498	-297.3855	-382.1586	84.77306	1.091614	0.372659	0.627341	1.664505
9504	-293.2692	-378.1321	84.8629	1.49129	0.468088	0.531912	1.293762
9510	-298.4001	-383.7075	85.30736	1.602262	0.323244	0.676756	0.7297228
9516	-300.2721	-384.5692	84.29711	2.129215	0.265587	0.734413	1.234076
9522	-289.7401	-374.8239	85.08389	1.342435	0.206072	0.793928	1.234076
9528	-293.9203	-379.3982	85.47786	1.44239	0.397893	0.602107	0.7123936
9534	-296.8417	-381.8098	84.96812	1.992303	0.375983	0.624017	0.6340673
9540	-299.8909	-384.9596	85.06869	1.916103	0.258796	0.741204	0.5578714
9546	-296.9645	-381.7198	84.75532	1.275275	0.37112	0.62888	1.543954
9552	-293.4628	-378.1408	84.67802	1.472975	0.341251	0.658749	1.453606
9558	-292.4212	-377.3442	84.923	1.227997	0.218202	0.781798	1.453606
9564	-303.4267	-387.2211	83.79439	1.164003	0.182049	0.817951	2.273553
9570	-305.8751	-388.9289	83.05386	0.9324793	0.207142	0.792858	2.877341
9576	-298.6115	-382.3962	83.7847	1.428018	0.215247	0.784753	2.108776
9582	-300.4146	-385.5715	85.1569	1.705343	0.532949	0.467051	0.798358
9588	-304.4792	-389.5549	85.0757	1.670449	0.474996	0.525004	0.9358627
9594	-308.5498	-393.5423	84.99241	1.998344	0.256868	0.743132	0.5114149
9600	-306.2426	-390.2948	84.05219	1.101511	0.17141	0.82859	2.147345
9606	-304.6586	-389.9067	85.24806	1.070088	0.17329	0.82671	1.322928
9612	-300.8251	-385.7708	84.9457	2.031438	0.16699	0.83301	0.5879568
9618	-291.3067	-376.0467	84.73999	1.864766	0.402657	0.597343	1.07661
9624	-296.8872	-381.0437	84.15653	1.578056	0.165916	0.834084	1.756427
9630	-282.8986	-367.964	85.0654	1.643316	0.350832	0.649168	0.9751227
9636	-290.2253	-375.2195	84.99419	1.650608	0.248832	0.751168	1.038633
9642	-289.4877	-374.9284	85.44064	1.507135	0.210469	0.789531	0.6617913
9648	-288.1102	-373.37	85.25977	1.688002	0.273486	0.726514	0.6617913
9654	-295.8688	-380.8062	84.93745	2.010322	0.129775	0.870225	0.6617913
9660	-285.1866	-370.1136	84.92699	1.917497	0.300063	0.699937	0.8215624
9666	-281.1026	-366.3539	85.25126	1.669779	0.243124	0.756876	0.711054
9672	-287.3168	-372.6685	85.3517	0.9999833	0.100024	0.899976	1.295805
9678	-284.3482	-369.4854	85.13722	1.364623	0.326594	0.673406	1.169403
9684	-287.668	-372.8163	85.14829	1.461559	0.233208	0.766792	1.071849
9690	-285.9853	-371.3299	85.34456	1.39874	0.233208	0.766792	0.938917
9696	-294.4284	-379.4793	85.05097	1.890453	0.274076	0.725924	0.6744067
9702	-305.2676	-390.6821	85.41448	1.316173	0.370427	0.629573	0.9523324
9708	-301.3669	-386.185	84.81813	1.766944	0.289387	0.710613	1.094851
9714	-306.2233	-391.2672	85.04394	1.659505	0.247667	0.752333	0.9805222
9720	-289.6349	-374.7128	85.0779	1.341177	0.259402	0.740598	1.240164
9726	-289.364	-374.2866	84.92264	1.176432	0.171678	0.828322	1.492907
9732	-286.3216	-371.4845	85.16291	1.599786	0.241134	0.758866	0.9178949
9738	-287.3259	-372.3215	84.99562	1.706894	0.228414	0.771586	0.9814659
9744	-294.2419	-379.4452	85.20333	1.730256	0.142591	0.857409	0.6891013
9750	-286.0488	-371.0701	85.0213	1.921284	0.220404	0.779596	0.6721465
9756	-292.4408	-377.3284	84.88765	1.993755	0.150431	0.849569	0.7719705
9762	-288.4465	-373.0536	84.60716	1.518633	0.248519	0.751481	1.472751
9768	-291.0529	-375.8831	84.83024	1.530873	0.302527	0.697473	1.288115
9774	-294.9284	-379.7269	84.79855	0.9603251	0.194657	0.805343	1.739419
9780	-299.1904	-383.8158	84.6254	0.9567973	0.324525	0.675475	1.861738
9786	-300.7195	-385.1168	84.39725	0.9411333	0.203452	0.796548	2.025893
9792	-293.9213	-378.0875	84.16625	1.082293	0.203452	0.796548	2.085254
9798	-297.3236	-382.5116	85.18803	1.552156	0.472157	0.527843	0.9422358
9804	-298.6869	-383.3596	84.67272	1.91696	0.335488	0.664512	1.090608
9810	-296.3363	-381.1554	84.81905	1.502683	0.318131	0.681869	1.320047
9816	-297.3919	-382.4876	85.09574	1.763144	0.339491	0.660509	0.8028308
9822	-292.6813	-377.7712	85.08985	1.318023	0.316207	0.683793	1.249527
9828	-295.1245	-379.6931	84.5686	1.839265	0.389884	0.610116	1.249527
9834	-298.5563	-382.4974	83.94109	0.9720704	0.139674	0.860326	2.302496
9840	-297.4163	-381.3164	83.90011	1.013052	0.427319	0.572681	2.302496
9846	-299.882	-384.4831	84.60107	1.244661	0.37829	0.62171	1.678018
9852	-301.7667	-385.7236	83.95692	1.013965	0.301441	0.698559	2.265547
9858	-303.1419	-387.7054	84.56342	1.519301	0.453404	0.546596	1.505174
9864	-301.1485	-386.0274	84.87888	1.203413	0.340906	0.659094	1.505496
9870	-302.2248	-387.4007	85.17593	0.9995179	0.246416	0.753584	1.434908
9876	-299.9201	-384.7767	84.85656	1.52567	0.377622	0.622378	1.270779
9882	-293.433	-378.734	85.30101	1.101379	0.382196	0.617804	1.254091
9888	-295.6142	-380.5055	84.89131	1.027969	0.257156	0.742844	1.625283
9894	-303.8577	-388.9625	85.1048	1.091881	0.204544	0.795456	1.418562
9900	-299.5838	-383.447	83.8632	1.773782	0.414924	0.585076	1.824146
9906	-297.5405	-382.971	85.43045	1.401971	0.257503	0.742497	0.8367648
9912	-296.6335	-381.7518	85.11835	1.392705	0.435821	0.564179	1.161339
9918	-297.4787	-382.9072	85.42844	1.254844	0.338189	0.661811	1.000879
9924	-296.2706	-380.8985	84.62792	1.223149	0.425394	0.574606	1.674221
9930	-295.8867	-380.8589	84.97223	1.281305	0.426841	0.573159	1.374272
9936	-303.8861	-388.9751	85.08907	1.388798	0.310465	0.689535	1.19021
9942	-308.9817	-394.1417	85.16005	1.785096	0.448829	0.551171	0.6670984
9948	-300.9139	-386.2846	85.37072	1.504566	0.234173	0.765827	0.7805672
9954	-298.3283	-383.5675	85.23916	1.750014	0.350064	0.649936	0.4703269
9960	-293.5722	-378.7542	85.18201	1.767672	0.212454	0.787546	0.6578437
9966	-296.9552	-381.7601	84.80488	1.93995	0.148486	0.851514	0.9372737
9972	-299.2817	-384.7405	85.45877	1.385966	0.272324	0.727676	0.8212372
9978	-288.9081	-374.0838	85.1757	1.669044	0.259143	0.740857	0.8212372
9984	-298.7578	-383.9743	85.21655	1.385567	0.299714	0.700286	1.07907
9990	-295.8178	-380.7314	84.9136	1.535614	0.304115	0.695885	1.214736
9996	-300.5289	-384.6015	84.07262	1.061951	0.0319901	0.96801	2.159801
10002	-296.6368	-381.6385	85.00168	1.926808	0.0846469	0.915353	0.6982404
10008	-298.6393	-383.7672	85.12793	1.80056	0.381131	0.618869	0.6982404
10014	-295.5035	-380.6454	85.14187	1.514242	0.178325	0.821675	1.027666
10020	-289.9136	-375.1839	85.27029	1.391192	0.344774	0.655226	1.022432
10026	-293.043	-378.3438	85.30084	1.454454	0.24236	0.75764	0.9259795
10032	-295.7511	-380.8607	85.10956	1.805805	0.36757	0.63243	0.7204798
10038	-294.8438	-379.9673	85.12355	1.805805	0.34133	0.65867	0.6967019
10044	-293.8107	-378.7657	84.95505	1.345466	0.26968	0.73032	1.337053
10050	-293.4843	-378.233	84.74864	1.115835	0.351116	0.648884	1.664651
10056	-289.6286	-374.3376	84.70903	1.15544	0.176688	0.823312	1.664651
10062	-293.8959	-378.2747	84.37884	1.397886	0.218943	0.781057	1.726872
10068	-288.5261	-373.7697	85.24364	1.275548	0.562004	0.437996	1.154183
10074	-284.1497	-369.4604	85.31069	1.208493	0.281752	0.718248	1.154183
10080	-288.1571	-373.3825	85.22545	1.576135	0.46143	0.53857	0.8738829
10086	-285.7786	-370.8266	85.04794	1.753641	0.415505	0.584495	0.8738829
10092	-287.4581	-372.146	84.68784	1.234006	0.411438	0.588562	1.623422
10098	-290.3541	-375.2143	84.86024	1.06161	0.369621	0.630379	1.623422
